X;Y;X;Y;X;Y;X;Y
0;0;306,166;0,002;75,133;3,309;116,875;0
0,625;0;445,162;0,002;;;116,875;0,015
1,25;0;196,097;0,01;;;116,875;5
1,875;0;30,579;0,003;;;;
2,5;0;;;;;;
3,125;0;;;;;;
3,75;0;;;;;;
4,375;0;;;;;;
5;0;;;;;;
5,625;0;;;;;;
6,25;0;;;;;;
6,875;0;;;;;;
7,5;0;;;;;;
8,125;0;;;;;;
8,75;0;;;;;;
9,375;0;;;;;;
10;0,01;;;;;;
10,625;0,013;;;;;;
11,25;0,009;;;;;;
11,875;0,008;;;;;;
12,5;0,011;;;;;;
13,125;0,013;;;;;;
13,75;0,01;;;;;;
14,375;0,007;;;;;;
15;0,007;;;;;;
15,625;0,006;;;;;;
16,25;0,01;;;;;;
16,875;0,006;;;;;;
17,5;0,013;;;;;;
18,125;0,009;;;;;;
18,75;0,004;;;;;;
19,375;0,002;;;;;;
20;0,002;;;;;;
20,625;0,01;;;;;;
21,25;0,003;;;;;;
21,875;0,009;;;;;;
22,5;0,01;;;;;;
23,125;0,014;;;;;;
23,75;0,035;;;;;;
24,375;0,022;;;;;;
25;0,021;;;;;;
25,625;0,013;;;;;;
26,25;0,006;;;;;;
26,875;0,002;;;;;;
27,5;0,001;;;;;;
28,125;0,005;;;;;;
28,75;0,001;;;;;;
29,375;0,002;;;;;;
30;0,001;;;;;;
30,625;0,003;;;;;;
31,25;0,003;;;;;;
31,875;0,001;;;;;;
32,5;0,003;;;;;;
33,125;0,001;;;;;;
33,75;0,006;;;;;;
34,375;0,002;;;;;;
35;0,004;;;;;;
35,625;0,002;;;;;;
36,25;0,003;;;;;;
36,875;0,001;;;;;;
37,5;0,001;;;;;;
38,125;0,004;;;;;;
38,75;0,003;;;;;;
39,375;0,003;;;;;;
40;0,002;;;;;;
40,625;0,001;;;;;;
41,25;0,002;;;;;;
41,875;0,001;;;;;;
42,5;0,003;;;;;;
43,125;0,001;;;;;;
43,75;0,004;;;;;;
44,375;0,002;;;;;;
45;0,004;;;;;;
45,625;0,004;;;;;;
46,25;0,002;;;;;;
46,875;0,004;;;;;;
47,5;0,008;;;;;;
48,125;0,003;;;;;;
48,75;0,001;;;;;;
49,375;0,001;;;;;;
50;0,002;;;;;;
50,625;0,001;;;;;;
51,25;0,001;;;;;;
51,875;0,001;;;;;;
52,5;0,001;;;;;;
53,125;0,001;;;;;;
53,75;0,004;;;;;;
54,375;0,001;;;;;;
55;0,002;;;;;;
55,625;0,002;;;;;;
56,25;0,004;;;;;;
56,875;0,005;;;;;;
57,5;0,001;;;;;;
58,125;0,002;;;;;;
58,75;0,003;;;;;;
59,375;0,002;;;;;;
60;0,002;;;;;;
60,625;0;;;;;;
61,25;0,003;;;;;;
61,875;0,002;;;;;;
62,5;0,004;;;;;;
63,125;0,003;;;;;;
63,75;0,004;;;;;;
64,375;0,003;;;;;;
65;0,006;;;;;;
65,625;0,005;;;;;;
66,25;0,003;;;;;;
66,875;0,009;;;;;;
67,5;0,008;;;;;;
68,125;0,003;;;;;;
68,75;0;;;;;;
69,375;0,007;;;;;;
70;0,006;;;;;;
70,625;0,001;;;;;;
71,25;0,004;;;;;;
71,875;0,001;;;;;;
72,5;0,019;;;;;;
73,125;0,015;;;;;;
73,75;0,086;;;;;;
74,375;1,19;;;;;;
75;3,309;;;;;;
75,625;2,223;;;;;;
76,25;0,174;;;;;;
76,875;0,025;;;;;;
77,5;0,019;;;;;;
78,125;0,001;;;;;;
78,75;0,007;;;;;;
79,375;0,006;;;;;;
80;0,002;;;;;;
80,625;0,002;;;;;;
81,25;0,003;;;;;;
81,875;0,005;;;;;;
82,5;0,007;;;;;;
83,125;0,01;;;;;;
83,75;0,003;;;;;;
84,375;0,006;;;;;;
85;0,006;;;;;;
85,625;0,006;;;;;;
86,25;0,006;;;;;;
86,875;0,009;;;;;;
87,5;0,011;;;;;;
88,125;0,006;;;;;;
88,75;0,007;;;;;;
89,375;0,002;;;;;;
90;0,001;;;;;;
90,625;0,001;;;;;;
91,25;0,003;;;;;;
91,875;0,001;;;;;;
92,5;0,004;;;;;;
93,125;0,004;;;;;;
93,75;0;;;;;;
94,375;0,002;;;;;;
95;0,005;;;;;;
95,625;0,003;;;;;;
96,25;0,003;;;;;;
96,875;0,005;;;;;;
97,5;0,002;;;;;;
98,125;0,003;;;;;;
98,75;0,002;;;;;;
99,375;0,001;;;;;;
100;0,001;;;;;;
100,625;0,001;;;;;;
101,25;0,002;;;;;;
101,875;0,006;;;;;;
102,5;0,007;;;;;;
103,125;0,005;;;;;;
103,75;0,006;;;;;;
104,375;0,01;;;;;;
105;0,012;;;;;;
105,625;0,005;;;;;;
106,25;0,009;;;;;;
106,875;0,008;;;;;;
107,5;0,006;;;;;;
108,125;0,011;;;;;;
108,75;0,022;;;;;;
109,375;0,008;;;;;;
110;0,011;;;;;;
110,625;0,009;;;;;;
111,25;0,006;;;;;;
111,875;0,009;;;;;;
112,5;0,009;;;;;;
113,125;0,016;;;;;;
113,75;0,019;;;;;;
114,375;0,002;;;;;;
115;0,013;;;;;;
115,625;0,014;;;;;;
116,25;0,008;;;;;;
116,875;0,015;;;;;;
117,5;0,01;;;;;;
118,125;0,004;;;;;;
118,75;0,004;;;;;;
119,375;0,004;;;;;;
120;0,004;;;;;;
120,625;0,015;;;;;;
121,25;0,013;;;;;;
121,875;0,005;;;;;;
122,5;0,003;;;;;;
123,125;0,005;;;;;;
123,75;0,003;;;;;;
124,375;0,003;;;;;;
125;0,003;;;;;;
125,625;0,002;;;;;;
126,25;0,001;;;;;;
126,875;0,002;;;;;;
127,5;0,002;;;;;;
128,125;0,003;;;;;;
128,75;0,005;;;;;;
129,375;0,004;;;;;;
130;0,007;;;;;;
130,625;0,006;;;;;;
131,25;0,006;;;;;;
131,875;0,004;;;;;;
132,5;0,002;;;;;;
133,125;0,001;;;;;;
133,75;0,002;;;;;;
134,375;0,005;;;;;;
135;0,006;;;;;;
135,625;0,006;;;;;;
136,25;0,007;;;;;;
136,875;0,007;;;;;;
137,5;0,005;;;;;;
138,125;0,005;;;;;;
138,75;0,004;;;;;;
139,375;0,004;;;;;;
140;0,005;;;;;;
140,625;0,005;;;;;;
141,25;0,004;;;;;;
141,875;0,004;;;;;;
142,5;0,009;;;;;;
143,125;0,005;;;;;;
143,75;0,003;;;;;;
144,375;0,004;;;;;;
145;0,002;;;;;;
145,625;0,001;;;;;;
146,25;0,002;;;;;;
146,875;0,002;;;;;;
147,5;0,005;;;;;;
148,125;0,002;;;;;;
148,75;0,012;;;;;;
149,375;0,067;;;;;;
150;0,28;;;;;;
150,625;0,251;;;;;;
151,25;0,044;;;;;;
151,875;0,005;;;;;;
152,5;0;;;;;;
153,125;0,005;;;;;;
153,75;0,003;;;;;;
154,375;0,003;;;;;;
155;0,006;;;;;;
155,625;0,004;;;;;;
156,25;0,004;;;;;;
156,875;0,001;;;;;;
157,5;0,005;;;;;;
158,125;0,009;;;;;;
158,75;0,003;;;;;;
159,375;0,005;;;;;;
160;0,01;;;;;;
160,625;0,016;;;;;;
161,25;0,014;;;;;;
161,875;0,018;;;;;;
162,5;0,017;;;;;;
163,125;0,022;;;;;;
163,75;0,032;;;;;;
164,375;0,017;;;;;;
165;0,015;;;;;;
165,625;0,018;;;;;;
166,25;0,015;;;;;;
166,875;0,008;;;;;;
167,5;0,001;;;;;;
168,125;0,001;;;;;;
168,75;0,011;;;;;;
169,375;0,009;;;;;;
170;0,014;;;;;;
170,625;0,015;;;;;;
171,25;0,001;;;;;;
171,875;0,009;;;;;;
172,5;0,005;;;;;;
173,125;0,011;;;;;;
173,75;0,007;;;;;;
174,375;0,003;;;;;;
175;0,002;;;;;;
175,625;0,008;;;;;;
176,25;0,012;;;;;;
176,875;0,004;;;;;;
177,5;0,006;;;;;;
178,125;0,005;;;;;;
178,75;0,004;;;;;;
179,375;0,018;;;;;;
180;0,029;;;;;;
180,625;0,02;;;;;;
181,25;0,024;;;;;;
181,875;0,031;;;;;;
182,5;0,022;;;;;;
183,125;0,02;;;;;;
183,75;0,031;;;;;;
184,375;0,015;;;;;;
185;0,012;;;;;;
185,625;0,013;;;;;;
186,25;0,007;;;;;;
186,875;0,008;;;;;;
187,5;0,004;;;;;;
188,125;0,005;;;;;;
188,75;0,009;;;;;;
189,375;0,004;;;;;;
190;0,008;;;;;;
190,625;0,014;;;;;;
191,25;0,011;;;;;;
191,875;0,031;;;;;;
192,5;0,02;;;;;;
193,125;0,017;;;;;;
193,75;0,02;;;;;;
194,375;0,016;;;;;;
195;0,01;;;;;;
195,625;0,017;;;;;;
196,25;0,01;;;;;;
196,875;0,002;;;;;;
197,5;0,005;;;;;;
198,125;0,011;;;;;;
198,75;0,007;;;;;;
199,375;0,004;;;;;;
200;0,009;;;;;;
200,625;0,01;;;;;;
201,25;0,006;;;;;;
201,875;0,004;;;;;;
202,5;0,011;;;;;;
203,125;0,009;;;;;;
203,75;0,001;;;;;;
204,375;0,002;;;;;;
205;0,008;;;;;;
205,625;0,01;;;;;;
206,25;0,003;;;;;;
206,875;0,002;;;;;;
207,5;0;;;;;;
208,125;0;;;;;;
208,75;0,003;;;;;;
209,375;0,002;;;;;;
210;0,007;;;;;;
210,625;0,009;;;;;;
211,25;0,002;;;;;;
211,875;0,012;;;;;;
212,5;0,006;;;;;;
213,125;0,003;;;;;;
213,75;0,002;;;;;;
214,375;0,007;;;;;;
215;0,007;;;;;;
215,625;0,006;;;;;;
216,25;0,004;;;;;;
216,875;0,003;;;;;;
217,5;0,004;;;;;;
218,125;0,003;;;;;;
218,75;0,004;;;;;;
219,375;0,004;;;;;;
220;0,005;;;;;;
220,625;0,01;;;;;;
221,25;0,008;;;;;;
221,875;0,002;;;;;;
222,5;0;;;;;;
223,125;0,001;;;;;;
223,75;0,005;;;;;;
224,375;0,013;;;;;;
225;0,073;;;;;;
225,625;0,082;;;;;;
226,25;0,025;;;;;;
226,875;0,004;;;;;;
227,5;0,003;;;;;;
228,125;0,002;;;;;;
228,75;0,002;;;;;;
229,375;0,002;;;;;;
230;0,006;;;;;;
230,625;0,007;;;;;;
231,25;0,01;;;;;;
231,875;0,013;;;;;;
232,5;0,005;;;;;;
233,125;0,006;;;;;;
233,75;0,009;;;;;;
234,375;0,006;;;;;;
235;0,002;;;;;;
235,625;0,011;;;;;;
236,25;0,013;;;;;;
236,875;0,014;;;;;;
237,5;0,017;;;;;;
238,125;0,016;;;;;;
238,75;0,015;;;;;;
239,375;0,013;;;;;;
240;0,011;;;;;;
240,625;0,018;;;;;;
241,25;0,011;;;;;;
241,875;0,007;;;;;;
242,5;0,006;;;;;;
243,125;0,003;;;;;;
243,75;0,005;;;;;;
244,375;0,011;;;;;;
245;0,013;;;;;;
245,625;0,013;;;;;;
246,25;0,01;;;;;;
246,875;0,005;;;;;;
247,5;0,009;;;;;;
248,125;0,01;;;;;;
248,75;0,007;;;;;;
249,375;0,007;;;;;;
250;0,002;;;;;;
250,625;0,012;;;;;;
251,25;0,016;;;;;;
251,875;0,015;;;;;;
252,5;0,017;;;;;;
253,125;0,011;;;;;;
253,75;0,002;;;;;;
254,375;0,016;;;;;;
255;0,026;;;;;;
255,625;0,017;;;;;;
256,25;0,009;;;;;;
256,875;0,016;;;;;;
257,5;0,015;;;;;;
258,125;0,015;;;;;;
258,75;0,019;;;;;;
259,375;0,01;;;;;;
260;0,014;;;;;;
260,625;0,017;;;;;;
261,25;0,006;;;;;;
261,875;0,014;;;;;;
262,5;0,007;;;;;;
263,125;0,009;;;;;;
263,75;0,012;;;;;;
264,375;0,008;;;;;;
265;0,014;;;;;;
265,625;0,017;;;;;;
266,25;0,006;;;;;;
266,875;0,023;;;;;;
267,5;0,013;;;;;;
268,125;0,003;;;;;;
268,75;0,009;;;;;;
269,375;0,014;;;;;;
270;0,012;;;;;;
270,625;0,01;;;;;;
271,25;0,008;;;;;;
271,875;0,007;;;;;;
272,5;0,005;;;;;;
273,125;0,007;;;;;;
273,75;0,005;;;;;;
274,375;0,006;;;;;;
275;0,007;;;;;;
275,625;0,008;;;;;;
276,25;0,007;;;;;;
276,875;0,003;;;;;;
277,5;0,007;;;;;;
278,125;0,002;;;;;;
278,75;0,007;;;;;;
279,375;0,009;;;;;;
280;0,007;;;;;;
280,625;0,011;;;;;;
281,25;0,015;;;;;;
281,875;0,006;;;;;;
282,5;0,009;;;;;;
283,125;0,013;;;;;;
283,75;0,01;;;;;;
284,375;0,003;;;;;;
285;0,006;;;;;;
285,625;0,007;;;;;;
286,25;0,009;;;;;;
286,875;0,013;;;;;;
287,5;0,011;;;;;;
288,125;0,008;;;;;;
288,75;0,008;;;;;;
289,375;0,004;;;;;;
290;0,006;;;;;;
290,625;0,013;;;;;;
291,25;0,007;;;;;;
291,875;0,005;;;;;;
292,5;0,015;;;;;;
293,125;0,009;;;;;;
293,75;0,006;;;;;;
294,375;0,007;;;;;;
295;0,003;;;;;;
295,625;0,009;;;;;;
296,25;0,012;;;;;;
296,875;0,005;;;;;;
297,5;0,002;;;;;;
298,125;0;;;;;;
298,75;0,004;;;;;;
299,375;0,005;;;;;;
300;0,033;;;;;;
300,625;0,048;;;;;;
301,25;0,02;;;;;;
301,875;0,004;;;;;;
302,5;0,003;;;;;;
303,125;0,005;;;;;;
303,75;0,004;;;;;;
304,375;0,005;;;;;;
305;0,003;;;;;;
305,625;0,003;;;;;;
306,25;0,002;;;;;;
306,875;0,003;;;;;;
307,5;0,002;;;;;;
308,125;0,003;;;;;;
308,75;0,007;;;;;;
309,375;0,008;;;;;;
310;0,003;;;;;;
310,625;0,01;;;;;;
311,25;0,015;;;;;;
311,875;0,014;;;;;;
312,5;0,014;;;;;;
313,125;0,009;;;;;;
313,75;0,013;;;;;;
314,375;0,012;;;;;;
315;0,013;;;;;;
315,625;0,014;;;;;;
316,25;0,007;;;;;;
316,875;0,006;;;;;;
317,5;0,005;;;;;;
318,125;0,002;;;;;;
318,75;0,005;;;;;;
319,375;0,011;;;;;;
320;0,011;;;;;;
320,625;0,01;;;;;;
321,25;0,005;;;;;;
321,875;0,003;;;;;;
322,5;0,003;;;;;;
323,125;0,002;;;;;;
323,75;0,003;;;;;;
324,375;0,003;;;;;;
325;0,001;;;;;;
325,625;0,001;;;;;;
326,25;0,004;;;;;;
326,875;0,004;;;;;;
327,5;0,004;;;;;;
328,125;0,004;;;;;;
328,75;0,002;;;;;;
329,375;0,004;;;;;;
330;0,009;;;;;;
330,625;0,008;;;;;;
331,25;0,005;;;;;;
331,875;0,006;;;;;;
332,5;0,003;;;;;;
333,125;0,004;;;;;;
333,75;0,008;;;;;;
334,375;0,007;;;;;;
335;0,002;;;;;;
335,625;0,005;;;;;;
336,25;0,003;;;;;;
336,875;0,002;;;;;;
337,5;0,003;;;;;;
338,125;0;;;;;;
338,75;0,001;;;;;;
339,375;0;;;;;;
340;0,001;;;;;;
340,625;0,003;;;;;;
341,25;0,003;;;;;;
341,875;0,007;;;;;;
342,5;0,004;;;;;;
343,125;0,002;;;;;;
343,75;0,004;;;;;;
344,375;0,007;;;;;;
345;0,002;;;;;;
345,625;0,007;;;;;;
346,25;0,013;;;;;;
346,875;0,015;;;;;;
347,5;0,011;;;;;;
348,125;0,009;;;;;;
348,75;0,019;;;;;;
349,375;0,012;;;;;;
350;0,005;;;;;;
350,625;0,006;;;;;;
351,25;0,005;;;;;;
351,875;0,004;;;;;;
352,5;0,005;;;;;;
353,125;0,009;;;;;;
353,75;0,002;;;;;;
354,375;0,007;;;;;;
355;0,002;;;;;;
355,625;0,005;;;;;;
356,25;0,002;;;;;;
356,875;0,006;;;;;;
357,5;0,003;;;;;;
358,125;0,005;;;;;;
358,75;0,002;;;;;;
359,375;0,002;;;;;;
360;0,003;;;;;;
360,625;0,001;;;;;;
361,25;0,006;;;;;;
361,875;0,011;;;;;;
362,5;0,01;;;;;;
363,125;0,003;;;;;;
363,75;0,005;;;;;;
364,375;0,005;;;;;;
365;0,007;;;;;;
365,625;0,006;;;;;;
366,25;0,002;;;;;;
366,875;0,002;;;;;;
367,5;0,001;;;;;;
368,125;0,002;;;;;;
368,75;0,008;;;;;;
369,375;0,014;;;;;;
370;0,005;;;;;;
370,625;0,002;;;;;;
371,25;0,003;;;;;;
371,875;0,003;;;;;;
372,5;0,002;;;;;;
373,125;0,003;;;;;;
373,75;0,003;;;;;;
374,375;0,003;;;;;;
375;0,088;;;;;;
375,625;0,189;;;;;;
376,25;0,108;;;;;;
376,875;0,01;;;;;;
377,5;0,002;;;;;;
378,125;0,004;;;;;;
378,75;0,005;;;;;;
379,375;0,003;;;;;;
380;0,004;;;;;;
380,625;0,005;;;;;;
381,25;0,005;;;;;;
381,875;0,011;;;;;;
382,5;0,011;;;;;;
383,125;0;;;;;;
383,75;0,007;;;;;;
384,375;0,006;;;;;;
385;0,004;;;;;;
385,625;0,006;;;;;;
386,25;0,01;;;;;;
386,875;0,011;;;;;;
387,5;0,012;;;;;;
388,125;0,017;;;;;;
388,75;0,024;;;;;;
389,375;0,022;;;;;;
390;0,007;;;;;;
390,625;0,016;;;;;;
391,25;0,012;;;;;;
391,875;0,005;;;;;;
392,5;0,005;;;;;;
393,125;0,002;;;;;;
393,75;0,003;;;;;;
394,375;0,007;;;;;;
395;0,008;;;;;;
395,625;0,011;;;;;;
396,25;0,005;;;;;;
396,875;0,005;;;;;;
397,5;0,002;;;;;;
398,125;0,011;;;;;;
398,75;0,006;;;;;;
399,375;0,003;;;;;;
400;0,003;;;;;;
400,625;0,006;;;;;;
401,25;0,001;;;;;;
401,875;0,002;;;;;;
402,5;0,007;;;;;;
403,125;0,005;;;;;;
403,75;0,004;;;;;;
404,375;0,007;;;;;;
405;0,012;;;;;;
405,625;0,007;;;;;;
406,25;0,005;;;;;;
406,875;0,006;;;;;;
407,5;0,004;;;;;;
408,125;0,003;;;;;;
408,75;0,007;;;;;;
409,375;0,012;;;;;;
410;0,007;;;;;;
410,625;0,019;;;;;;
411,25;0,012;;;;;;
411,875;0,004;;;;;;
412,5;0,011;;;;;;
413,125;0,005;;;;;;
413,75;0,003;;;;;;
414,375;0,004;;;;;;
415;0,008;;;;;;
415,625;0,016;;;;;;
416,25;0,012;;;;;;
416,875;0,004;;;;;;
417,5;0,006;;;;;;
418,125;0,007;;;;;;
418,75;0,008;;;;;;
419,375;0,002;;;;;;
420;0,006;;;;;;
420,625;0,007;;;;;;
421,25;0,006;;;;;;
421,875;0,003;;;;;;
422,5;0,002;;;;;;
423,125;0,006;;;;;;
423,75;0,006;;;;;;
424,375;0,005;;;;;;
425;0,01;;;;;;
425,625;0,011;;;;;;
426,25;0,008;;;;;;
426,875;0,006;;;;;;
427,5;0,004;;;;;;
428,125;0,007;;;;;;
428,75;0,008;;;;;;
429,375;0,004;;;;;;
430;0,002;;;;;;
430,625;0,01;;;;;;
431,25;0,007;;;;;;
431,875;0,005;;;;;;
432,5;0,005;;;;;;
433,125;0,001;;;;;;
433,75;0,004;;;;;;
434,375;0,008;;;;;;
435;0,005;;;;;;
435,625;0,005;;;;;;
436,25;0,002;;;;;;
436,875;0,01;;;;;;
437,5;0,014;;;;;;
438,125;0,003;;;;;;
438,75;0,003;;;;;;
439,375;0,002;;;;;;
440;0,006;;;;;;
440,625;0,005;;;;;;
441,25;0,005;;;;;;
441,875;0,003;;;;;;
442,5;0,004;;;;;;
443,125;0,004;;;;;;
443,75;0,003;;;;;;
444,375;0,004;;;;;;
445;0,002;;;;;;
445,625;0,004;;;;;;
446,25;0,002;;;;;;
446,875;0,004;;;;;;
447,5;0,004;;;;;;
448,125;0,004;;;;;;
448,75;0,003;;;;;;
449,375;0,008;;;;;;
450;0,005;;;;;;
450,625;0,024;;;;;;
451,25;0,017;;;;;;
451,875;0,005;;;;;;
452,5;0,005;;;;;;
453,125;0,007;;;;;;
453,75;0,005;;;;;;
454,375;0,003;;;;;;
455;0,001;;;;;;
455,625;0,004;;;;;;
456,25;0,005;;;;;;
456,875;0,004;;;;;;
457,5;0,009;;;;;;
458,125;0,012;;;;;;
458,75;0,015;;;;;;
459,375;0,006;;;;;;
460;0,004;;;;;;
460,625;0,005;;;;;;
461,25;0,012;;;;;;
461,875;0,009;;;;;;
462,5;0,018;;;;;;
463,125;0,031;;;;;;
463,75;0,02;;;;;;
464,375;0,015;;;;;;
465;0,002;;;;;;
465,625;0,013;;;;;;
466,25;0,011;;;;;;
466,875;0,001;;;;;;
467,5;0,006;;;;;;
468,125;0,006;;;;;;
468,75;0,006;;;;;;
469,375;0,012;;;;;;
470;0,015;;;;;;
470,625;0,014;;;;;;
471,25;0,008;;;;;;
471,875;0,006;;;;;;
472,5;0,014;;;;;;
473,125;0,012;;;;;;
473,75;0,006;;;;;;
474,375;0,004;;;;;;
475;0,003;;;;;;
475,625;0,013;;;;;;
476,25;0,017;;;;;;
476,875;0,003;;;;;;
477,5;0,021;;;;;;
478,125;0,018;;;;;;
478,75;0,004;;;;;;
479,375;0,004;;;;;;
480;0,008;;;;;;
480,625;0,017;;;;;;
481,25;0,011;;;;;;
481,875;0,004;;;;;;
482,5;0,009;;;;;;
483,125;0,01;;;;;;
483,75;0,007;;;;;;
484,375;0,011;;;;;;
485;0,007;;;;;;
485,625;0,014;;;;;;
486,25;0,004;;;;;;
486,875;0,003;;;;;;
487,5;0,007;;;;;;
488,125;0,008;;;;;;
488,75;0,007;;;;;;
489,375;0,006;;;;;;
490;0,003;;;;;;
490,625;0,011;;;;;;
491,25;0,012;;;;;;
491,875;0,005;;;;;;
492,5;0,003;;;;;;
493,125;0,003;;;;;;
493,75;0,007;;;;;;
494,375;0,006;;;;;;
495;0,007;;;;;;
495,625;0,015;;;;;;
496,25;0,018;;;;;;
496,875;0,01;;;;;;
497,5;0,006;;;;;;
498,125;0,007;;;;;;
498,75;0,002;;;;;;
499,375;0,006;;;;;;
500;0,001;;;;;;
500,625;0,003;;;;;;
501,25;0,001;;;;;;
501,875;0,002;;;;;;
502,5;0,007;;;;;;
503,125;0,009;;;;;;
503,75;0,007;;;;;;
504,375;0,008;;;;;;
505;0,011;;;;;;
505,625;0,009;;;;;;
506,25;0,004;;;;;;
506,875;0,006;;;;;;
507,5;0,009;;;;;;
508,125;0,004;;;;;;
508,75;0,003;;;;;;
509,375;0,002;;;;;;
510;0,002;;;;;;
510,625;0,003;;;;;;
511,25;0,007;;;;;;
511,875;0,013;;;;;;
512,5;0,016;;;;;;
513,125;0,01;;;;;;
513,75;0,002;;;;;;
514,375;0,004;;;;;;
515;0,009;;;;;;
515,625;0,011;;;;;;
516,25;0,007;;;;;;
516,875;0,001;;;;;;
517,5;0,006;;;;;;
518,125;0,008;;;;;;
518,75;0,002;;;;;;
519,375;0,005;;;;;;
520;0,005;;;;;;
520,625;0,002;;;;;;
521,25;0,008;;;;;;
521,875;0,006;;;;;;
522,5;0,002;;;;;;
523,125;0,002;;;;;;
523,75;0,004;;;;;;
524,375;0,002;;;;;;
525;0,016;;;;;;
525,625;0,084;;;;;;
526,25;0,082;;;;;;
526,875;0,014;;;;;;
527,5;0,009;;;;;;
528,125;0,003;;;;;;
528,75;0,005;;;;;;
529,375;0,005;;;;;;
530;0,004;;;;;;
530,625;0,002;;;;;;
531,25;0,002;;;;;;
531,875;0,003;;;;;;
532,5;0,004;;;;;;
533,125;0,008;;;;;;
533,75;0,011;;;;;;
534,375;0,007;;;;;;
535;0,003;;;;;;
535,625;0,005;;;;;;
536,25;0,007;;;;;;
536,875;0,005;;;;;;
537,5;0,016;;;;;;
538,125;0,028;;;;;;
538,75;0,015;;;;;;
539,375;0,009;;;;;;
540;0,009;;;;;;
540,625;0,013;;;;;;
541,25;0,014;;;;;;
541,875;0,008;;;;;;
542,5;0,007;;;;;;
543,125;0,005;;;;;;
543,75;0,001;;;;;;
544,375;0,003;;;;;;
545;0,004;;;;;;
545,625;0,001;;;;;;
546,25;0,002;;;;;;
546,875;0,005;;;;;;
547,5;0,006;;;;;;
548,125;0,008;;;;;;
548,75;0,007;;;;;;
549,375;0,004;;;;;;
550;0,005;;;;;;
550,625;0,009;;;;;;
551,25;0,012;;;;;;
551,875;0,009;;;;;;
552,5;0,006;;;;;;
553,125;0,011;;;;;;
553,75;0,008;;;;;;
554,375;0,004;;;;;;
555;0,002;;;;;;
555,625;0,008;;;;;;
556,25;0,009;;;;;;
556,875;0,011;;;;;;
557,5;0,01;;;;;;
558,125;0,006;;;;;;
558,75;0,007;;;;;;
559,375;0,01;;;;;;
560;0,004;;;;;;
560,625;0,016;;;;;;
561,25;0,011;;;;;;
561,875;0,003;;;;;;
562,5;0,001;;;;;;
563,125;0,003;;;;;;
563,75;0,006;;;;;;
564,375;0,01;;;;;;
565;0,004;;;;;;
565,625;0,009;;;;;;
566,25;0,014;;;;;;
566,875;0,001;;;;;;
567,5;0,011;;;;;;
568,125;0,006;;;;;;
568,75;0,005;;;;;;
569,375;0,01;;;;;;
570;0,01;;;;;;
570,625;0,01;;;;;;
571,25;0,011;;;;;;
571,875;0,007;;;;;;
572,5;0,001;;;;;;
573,125;0,006;;;;;;
573,75;0,006;;;;;;
574,375;0,003;;;;;;
575;0,002;;;;;;
575,625;0,003;;;;;;
576,25;0,003;;;;;;
576,875;0,003;;;;;;
577,5;0,003;;;;;;
578,125;0,004;;;;;;
578,75;0,006;;;;;;
579,375;0,002;;;;;;
580;0,005;;;;;;
580,625;0,006;;;;;;
581,25;0,005;;;;;;
581,875;0,006;;;;;;
582,5;0,009;;;;;;
583,125;0,003;;;;;;
583,75;0,001;;;;;;
584,375;0,002;;;;;;
585;0,004;;;;;;
585,625;0,007;;;;;;
586,25;0,004;;;;;;
586,875;0,009;;;;;;
587,5;0,018;;;;;;
588,125;0,014;;;;;;
588,75;0,005;;;;;;
589,375;0,002;;;;;;
590;0,005;;;;;;
590,625;0,008;;;;;;
591,25;0,006;;;;;;
591,875;0,004;;;;;;
592,5;0,004;;;;;;
593,125;0,008;;;;;;
593,75;0,008;;;;;;
594,375;0,002;;;;;;
595;0,004;;;;;;
595,625;0,002;;;;;;
596,25;0,003;;;;;;
596,875;0,001;;;;;;
597,5;0,003;;;;;;
598,125;0,004;;;;;;
598,75;0,004;;;;;;
599,375;0,003;;;;;;
600;0,008;;;;;;
600,625;0,049;;;;;;
601,25;0,059;;;;;;
601,875;0,015;;;;;;
602,5;0,006;;;;;;
603,125;0,003;;;;;;
603,75;0,002;;;;;;
604,375;0,003;;;;;;
605;0,003;;;;;;
605,625;0,002;;;;;;
606,25;0,003;;;;;;
606,875;0,001;;;;;;
607,5;0,001;;;;;;
608,125;0,006;;;;;;
608,75;0,013;;;;;;
609,375;0,007;;;;;;
610;0;;;;;;
610,625;0,002;;;;;;
611,25;0,003;;;;;;
611,875;0,002;;;;;;
612,5;0,006;;;;;;
613,125;0,012;;;;;;
613,75;0,009;;;;;;
614,375;0,012;;;;;;
615;0,005;;;;;;
615,625;0,007;;;;;;
616,25;0,008;;;;;;
616,875;0,005;;;;;;
617,5;0,002;;;;;;
618,125;0,004;;;;;;
618,75;0,006;;;;;;
619,375;0,004;;;;;;
620;0,004;;;;;;
620,625;0,003;;;;;;
621,25;0,003;;;;;;
621,875;0,004;;;;;;
622,5;0,003;;;;;;
623,125;0,003;;;;;;
623,75;0,003;;;;;;
624,375;0,003;;;;;;
625;0,005;;;;;;
625,625;0,001;;;;;;
626,25;0,003;;;;;;
626,875;0;;;;;;
627,5;0,004;;;;;;
628,125;0,006;;;;;;
628,75;0,004;;;;;;
629,375;0,003;;;;;;
630;0,006;;;;;;
630,625;0,012;;;;;;
631,25;0,007;;;;;;
631,875;0,001;;;;;;
632,5;0,001;;;;;;
633,125;0,004;;;;;;
633,75;0,004;;;;;;
634,375;0,003;;;;;;
635;0,001;;;;;;
635,625;0,003;;;;;;
636,25;0,004;;;;;;
636,875;0,001;;;;;;
637,5;0,004;;;;;;
638,125;0,002;;;;;;
638,75;0,003;;;;;;
639,375;0,006;;;;;;
640;0,004;;;;;;
640,625;0,007;;;;;;
641,25;0,007;;;;;;
641,875;0,002;;;;;;
642,5;0,005;;;;;;
643,125;0,002;;;;;;
643,75;0,003;;;;;;
644,375;0,009;;;;;;
645;0,008;;;;;;
645,625;0,002;;;;;;
646,25;0,007;;;;;;
646,875;0,009;;;;;;
647,5;0,007;;;;;;
648,125;0,003;;;;;;
648,75;0,004;;;;;;
649,375;0,005;;;;;;
650;0,001;;;;;;
650,625;0,003;;;;;;
651,25;0,001;;;;;;
651,875;0,002;;;;;;
652,5;0,002;;;;;;
653,125;0,004;;;;;;
653,75;0,004;;;;;;
654,375;0,007;;;;;;
655;0,005;;;;;;
655,625;0,003;;;;;;
656,25;0,005;;;;;;
656,875;0,005;;;;;;
657,5;0,005;;;;;;
658,125;0,001;;;;;;
658,75;0,001;;;;;;
659,375;0,002;;;;;;
660;0,001;;;;;;
660,625;0,004;;;;;;
661,25;0,002;;;;;;
661,875;0,004;;;;;;
662,5;0,007;;;;;;
663,125;0,005;;;;;;
663,75;0,001;;;;;;
664,375;0,001;;;;;;
665;0,001;;;;;;
665,625;0,005;;;;;;
666,25;0,005;;;;;;
666,875;0,001;;;;;;
667,5;0,002;;;;;;
668,125;0,005;;;;;;
668,75;0,005;;;;;;
669,375;0,002;;;;;;
670;0,004;;;;;;
670,625;0,002;;;;;;
671,25;0,001;;;;;;
671,875;0,002;;;;;;
672,5;0,002;;;;;;
673,125;0,002;;;;;;
673,75;0,003;;;;;;
674,375;0,001;;;;;;
675;0,004;;;;;;
675,625;0,022;;;;;;
676,25;0,036;;;;;;
676,875;0,015;;;;;;
677,5;0,005;;;;;;
678,125;0;;;;;;
678,75;0,004;;;;;;
679,375;0,002;;;;;;
680;0,002;;;;;;
680,625;0,003;;;;;;
681,25;0,001;;;;;;
681,875;0,001;;;;;;
682,5;0,001;;;;;;
683,125;0;;;;;;
683,75;0,004;;;;;;
684,375;0,004;;;;;;
685;0,002;;;;;;
685,625;0,001;;;;;;
686,25;0,003;;;;;;
686,875;0,005;;;;;;
687,5;0,001;;;;;;
688,125;0,001;;;;;;
688,75;0,002;;;;;;
689,375;0,003;;;;;;
690;0,001;;;;;;
690,625;0;;;;;;
691,25;0,001;;;;;;
691,875;0,001;;;;;;
692,5;0,001;;;;;;
693,125;0,002;;;;;;
693,75;0,003;;;;;;
694,375;0,003;;;;;;
695;0,003;;;;;;
695,625;0,002;;;;;;
696,25;0,001;;;;;;
696,875;0,001;;;;;;
697,5;0,001;;;;;;
698,125;0,002;;;;;;
698,75;0,001;;;;;;
699,375;0,001;;;;;;
700;0,001;;;;;;
700,625;0,002;;;;;;
701,25;0,002;;;;;;
701,875;0,001;;;;;;
702,5;0,001;;;;;;
703,125;0;;;;;;
703,75;0,001;;;;;;
704,375;0,001;;;;;;
705;0,002;;;;;;
705,625;0,002;;;;;;
706,25;0,001;;;;;;
706,875;0,002;;;;;;
707,5;0,003;;;;;;
708,125;0,002;;;;;;
708,75;0,001;;;;;;
709,375;0,003;;;;;;
710;0,005;;;;;;
710,625;0,002;;;;;;
711,25;0,005;;;;;;
711,875;0,003;;;;;;
712,5;0,003;;;;;;
713,125;0,004;;;;;;
713,75;0,002;;;;;;
714,375;0,002;;;;;;
715;0,002;;;;;;
715,625;0,004;;;;;;
716,25;0,005;;;;;;
716,875;0,002;;;;;;
717,5;0,004;;;;;;
718,125;0,004;;;;;;
718,75;0,003;;;;;;
719,375;0,004;;;;;;
720;0,002;;;;;;
720,625;0,002;;;;;;
721,25;0,004;;;;;;
721,875;0,005;;;;;;
722,5;0,004;;;;;;
723,125;0,002;;;;;;
723,75;0,001;;;;;;
724,375;0,003;;;;;;
725;0,002;;;;;;
725,625;0,001;;;;;;
726,25;0,001;;;;;;
726,875;0,002;;;;;;
727,5;0,001;;;;;;
728,125;0,003;;;;;;
728,75;0,003;;;;;;
729,375;0,001;;;;;;
730;0,002;;;;;;
730,625;0,002;;;;;;
731,25;0,004;;;;;;
731,875;0,002;;;;;;
732,5;0,002;;;;;;
733,125;0,001;;;;;;
733,75;0;;;;;;
734,375;0,001;;;;;;
735;0,001;;;;;;
735,625;0;;;;;;
736,25;0;;;;;;
736,875;0;;;;;;
737,5;0,001;;;;;;
738,125;0,002;;;;;;
738,75;0,003;;;;;;
739,375;0,001;;;;;;
740;0;;;;;;
740,625;0;;;;;;
741,25;0,001;;;;;;
741,875;0,001;;;;;;
742,5;0;;;;;;
743,125;0,001;;;;;;
743,75;0,002;;;;;;
744,375;0,001;;;;;;
745;0,002;;;;;;
745,625;0,001;;;;;;
746,25;0;;;;;;
746,875;0,001;;;;;;
747,5;0,002;;;;;;
748,125;0,001;;;;;;
748,75;0,001;;;;;;
749,375;0,001;;;;;;
750;0;;;;;;
750,625;0,003;;;;;;
751,25;0,006;;;;;;
751,875;0,004;;;;;;
752,5;0,002;;;;;;
753,125;0,002;;;;;;
753,75;0,002;;;;;;
754,375;0,001;;;;;;
755;0,001;;;;;;
755,625;0;;;;;;
756,25;0,001;;;;;;
756,875;0,002;;;;;;
757,5;0,001;;;;;;
758,125;0,001;;;;;;
758,75;0,005;;;;;;
759,375;0,006;;;;;;
760;0,002;;;;;;
760,625;0,001;;;;;;
761,25;0,002;;;;;;
761,875;0,003;;;;;;
762,5;0,002;;;;;;
763,125;0,005;;;;;;
763,75;0,007;;;;;;
764,375;0,006;;;;;;
765;0,006;;;;;;
765,625;0,002;;;;;;
766,25;0,003;;;;;;
766,875;0,004;;;;;;
767,5;0,003;;;;;;
768,125;0,001;;;;;;
768,75;0,002;;;;;;
769,375;0,002;;;;;;
770;0,003;;;;;;
770,625;0,004;;;;;;
771,25;0,003;;;;;;
771,875;0,003;;;;;;
772,5;0,002;;;;;;
773,125;0,004;;;;;;
773,75;0,002;;;;;;
774,375;0,003;;;;;;
775;0,002;;;;;;
775,625;0,001;;;;;;
776,25;0,002;;;;;;
776,875;0;;;;;;
777,5;0,001;;;;;;
778,125;0,001;;;;;;
778,75;0,001;;;;;;
779,375;0,002;;;;;;
780;0,003;;;;;;
780,625;0,003;;;;;;
781,25;0,003;;;;;;
781,875;0,002;;;;;;
782,5;0,003;;;;;;
783,125;0,003;;;;;;
783,75;0,004;;;;;;
784,375;0,006;;;;;;
785;0,006;;;;;;
785,625;0,002;;;;;;
786,25;0,006;;;;;;
786,875;0,003;;;;;;
787,5;0,004;;;;;;
788,125;0,005;;;;;;
788,75;0,003;;;;;;
789,375;0,002;;;;;;
790;0,003;;;;;;
790,625;0,003;;;;;;
791,25;0,004;;;;;;
791,875;0,004;;;;;;
792,5;0,004;;;;;;
793,125;0,004;;;;;;
793,75;0,003;;;;;;
794,375;0,006;;;;;;
795;0,005;;;;;;
795,625;0,001;;;;;;
796,25;0,002;;;;;;
796,875;0,003;;;;;;
797,5;0,003;;;;;;
798,125;0,002;;;;;;
798,75;0,001;;;;;;
799,375;0,001;;;;;;
800;0,001;;;;;;
800,625;0;;;;;;
801,25;0,001;;;;;;
801,875;0,002;;;;;;
802,5;0,003;;;;;;
803,125;0,003;;;;;;
803,75;0,003;;;;;;
804,375;0,003;;;;;;
805;0,003;;;;;;
805,625;0,003;;;;;;
806,25;0,003;;;;;;
806,875;0,003;;;;;;
807,5;0,001;;;;;;
808,125;0,001;;;;;;
808,75;0,001;;;;;;
809,375;0,002;;;;;;
810;0;;;;;;
810,625;0,002;;;;;;
811,25;0,002;;;;;;
811,875;0,002;;;;;;
812,5;0,003;;;;;;
813,125;0,003;;;;;;
813,75;0,003;;;;;;
814,375;0,003;;;;;;
815;0,001;;;;;;
815,625;0,001;;;;;;
816,25;0;;;;;;
816,875;0,002;;;;;;
817,5;0,001;;;;;;
818,125;0,003;;;;;;
818,75;0,004;;;;;;
819,375;0,002;;;;;;
820;0,002;;;;;;
820,625;0,002;;;;;;
821,25;0,004;;;;;;
821,875;0,002;;;;;;
822,5;0;;;;;;
823,125;0;;;;;;
823,75;0,001;;;;;;
824,375;0,001;;;;;;
825;0,002;;;;;;
825,625;0,007;;;;;;
826,25;0,015;;;;;;
826,875;0,011;;;;;;
827,5;0,003;;;;;;
828,125;0,002;;;;;;
828,75;0,002;;;;;;
829,375;0,001;;;;;;
830;0,001;;;;;;
830,625;0,001;;;;;;
831,25;0,002;;;;;;
831,875;0,002;;;;;;
832,5;0;;;;;;
833,125;0,002;;;;;;
833,75;0,002;;;;;;
834,375;0,004;;;;;;
835;0,002;;;;;;
835,625;0,001;;;;;;
836,25;0,001;;;;;;
836,875;0,003;;;;;;
837,5;0,002;;;;;;
838,125;0,003;;;;;;
838,75;0,003;;;;;;
839,375;0,003;;;;;;
840;0,004;;;;;;
840,625;0;;;;;;
841,25;0,003;;;;;;
841,875;0,002;;;;;;
842,5;0,001;;;;;;
843,125;0,001;;;;;;
843,75;0,003;;;;;;
844,375;0,003;;;;;;
845;0,001;;;;;;
845,625;0;;;;;;
846,25;0,003;;;;;;
846,875;0,002;;;;;;
847,5;0,001;;;;;;
848,125;0,002;;;;;;
848,75;0,001;;;;;;
849,375;0,001;;;;;;
850;0,001;;;;;;
850,625;0,001;;;;;;
851,25;0,001;;;;;;
851,875;0,001;;;;;;
852,5;0;;;;;;
853,125;0,001;;;;;;
853,75;0,002;;;;;;
854,375;0,003;;;;;;
855;0,003;;;;;;
855,625;0,003;;;;;;
856,25;0,003;;;;;;
856,875;0,002;;;;;;
857,5;0;;;;;;
858,125;0,002;;;;;;
858,75;0,002;;;;;;
859,375;0,001;;;;;;
860;0,005;;;;;;
860,625;0,004;;;;;;
861,25;0,001;;;;;;
861,875;0,003;;;;;;
862,5;0,002;;;;;;
863,125;0,002;;;;;;
863,75;0,003;;;;;;
864,375;0,003;;;;;;
865;0,002;;;;;;
865,625;0,001;;;;;;
866,25;0,001;;;;;;
866,875;0,001;;;;;;
867,5;0,001;;;;;;
868,125;0,003;;;;;;
868,75;0,003;;;;;;
869,375;0,004;;;;;;
870;0,003;;;;;;
870,625;0,001;;;;;;
871,25;0,004;;;;;;
871,875;0,005;;;;;;
872,5;0,004;;;;;;
873,125;0,004;;;;;;
873,75;0,002;;;;;;
874,375;0,002;;;;;;
875;0,002;;;;;;
875,625;0,001;;;;;;
876,25;0,001;;;;;;
876,875;0,001;;;;;;
877,5;0,001;;;;;;
878,125;0,004;;;;;;
878,75;0,004;;;;;;
879,375;0,002;;;;;;
880;0,006;;;;;;
880,625;0,002;;;;;;
881,25;0,002;;;;;;
881,875;0,004;;;;;;
882,5;0,003;;;;;;
883,125;0,001;;;;;;
883,75;0,001;;;;;;
884,375;0,002;;;;;;
885;0,002;;;;;;
885,625;0,001;;;;;;
886,25;0;;;;;;
886,875;0,002;;;;;;
887,5;0,001;;;;;;
888,125;0,001;;;;;;
888,75;0,001;;;;;;
889,375;0,001;;;;;;
890;0,001;;;;;;
890,625;0,002;;;;;;
891,25;0,001;;;;;;
891,875;0,001;;;;;;
892,5;0,001;;;;;;
893,125;0,003;;;;;;
893,75;0,005;;;;;;
894,375;0,003;;;;;;
895;0,002;;;;;;
895,625;0,001;;;;;;
896,25;0,001;;;;;;
896,875;0,001;;;;;;
897,5;0,002;;;;;;
898,125;0,004;;;;;;
898,75;0,002;;;;;;
899,375;0,002;;;;;;
900;0,001;;;;;;
900,625;0,003;;;;;;
901,25;0,01;;;;;;
901,875;0,01;;;;;;
902,5;0,002;;;;;;
903,125;0,004;;;;;;
903,75;0,002;;;;;;
904,375;0,002;;;;;;
905;0,001;;;;;;
905,625;0,003;;;;;;
906,25;0,005;;;;;;
906,875;0,003;;;;;;
907,5;0;;;;;;
908,125;0,003;;;;;;
908,75;0,004;;;;;;
909,375;0,009;;;;;;
910;0,006;;;;;;
910,625;0,002;;;;;;
911,25;0,002;;;;;;
911,875;0,004;;;;;;
912,5;0,001;;;;;;
913,125;0,002;;;;;;
913,75;0,002;;;;;;
914,375;0,003;;;;;;
915;0,003;;;;;;
915,625;0,003;;;;;;
916,25;0,002;;;;;;
916,875;0;;;;;;
917,5;0,002;;;;;;
918,125;0,001;;;;;;
918,75;0,003;;;;;;
919,375;0,003;;;;;;
920;0,002;;;;;;
920,625;0,003;;;;;;
921,25;0,004;;;;;;
921,875;0,003;;;;;;
922,5;0,001;;;;;;
923,125;0,004;;;;;;
923,75;0,005;;;;;;
924,375;0,003;;;;;;
925;0,003;;;;;;
925,625;0,001;;;;;;
926,25;0,004;;;;;;
926,875;0,003;;;;;;
927,5;0,001;;;;;;
928,125;0,003;;;;;;
928,75;0,001;;;;;;
929,375;0,003;;;;;;
930;0,005;;;;;;
930,625;0,003;;;;;;
931,25;0,002;;;;;;
931,875;0,003;;;;;;
932,5;0,002;;;;;;
933,125;0,002;;;;;;
933,75;0,003;;;;;;
934,375;0,003;;;;;;
935;0,008;;;;;;
935,625;0,008;;;;;;
936,25;0,007;;;;;;
936,875;0,005;;;;;;
937,5;0,001;;;;;;
938,125;0,003;;;;;;
938,75;0,003;;;;;;
939,375;0,002;;;;;;
940;0,001;;;;;;
940,625;0,002;;;;;;
941,25;0,001;;;;;;
941,875;0,006;;;;;;
942,5;0,001;;;;;;
943,125;0,007;;;;;;
943,75;0,006;;;;;;
944,375;0,007;;;;;;
945;0,004;;;;;;
945,625;0,001;;;;;;
946,25;0,001;;;;;;
946,875;0,004;;;;;;
947,5;0,006;;;;;;
948,125;0,007;;;;;;
948,75;0,006;;;;;;
949,375;0,005;;;;;;
950;0,005;;;;;;
950,625;0,008;;;;;;
951,25;0,009;;;;;;
951,875;0,005;;;;;;
952,5;0,004;;;;;;
953,125;0,003;;;;;;
953,75;0,006;;;;;;
954,375;0,009;;;;;;
955;0,003;;;;;;
955,625;0,002;;;;;;
956,25;0,003;;;;;;
956,875;0,008;;;;;;
957,5;0,006;;;;;;
958,125;0,004;;;;;;
958,75;0,003;;;;;;
959,375;0,005;;;;;;
960;0,002;;;;;;
960,625;0,002;;;;;;
961,25;0,004;;;;;;
961,875;0,002;;;;;;
962,5;0,006;;;;;;
963,125;0,01;;;;;;
963,75;0,009;;;;;;
964,375;0,007;;;;;;
965;0,004;;;;;;
965,625;0;;;;;;
966,25;0,004;;;;;;
966,875;0,004;;;;;;
967,5;0,004;;;;;;
968,125;0,005;;;;;;
968,75;0,009;;;;;;
969,375;0,009;;;;;;
970;0,001;;;;;;
970,625;0,003;;;;;;
971,25;0,002;;;;;;
971,875;0;;;;;;
972,5;0,003;;;;;;
973,125;0,005;;;;;;
973,75;0,003;;;;;;
974,375;0,001;;;;;;
975;0,003;;;;;;
975,625;0,005;;;;;;
976,25;0,026;;;;;;
976,875;0,034;;;;;;
977,5;0,014;;;;;;
978,125;0,008;;;;;;
978,75;0,006;;;;;;
979,375;0,002;;;;;;
980;0,001;;;;;;
980,625;0,004;;;;;;
981,25;0,006;;;;;;
981,875;0,005;;;;;;
982,5;0,007;;;;;;
983,125;0,003;;;;;;
983,75;0,005;;;;;;
984,375;0,01;;;;;;
985;0,009;;;;;;
985,625;0,004;;;;;;
986,25;0,003;;;;;;
986,875;0,005;;;;;;
987,5;0,001;;;;;;
988,125;0,005;;;;;;
988,75;0,008;;;;;;
989,375;0,002;;;;;;
990;0,008;;;;;;
990,625;0,004;;;;;;
991,25;0,005;;;;;;
991,875;0,009;;;;;;
992,5;0,004;;;;;;
993,125;0,005;;;;;;
993,75;0,006;;;;;;
994,375;0,003;;;;;;
995;0,001;;;;;;
995,625;0,004;;;;;;
996,25;0,008;;;;;;
996,875;0,008;;;;;;
997,5;0,003;;;;;;
998,125;0,003;;;;;;
998,75;0,006;;;;;;
999,375;0,007;;;;;;
1000;0,001;;;;;;
1000,625;0,007;;;;;;
1001,25;0,009;;;;;;
1001,875;0,007;;;;;;
1002,5;0,007;;;;;;
1003,125;0,006;;;;;;
1003,75;0,003;;;;;;
1004,375;0,002;;;;;;
1005;0,004;;;;;;
1005,625;0,005;;;;;;
1006,25;0,008;;;;;;
1006,875;0,005;;;;;;
1007,5;0,004;;;;;;
1008,125;0,007;;;;;;
1008,75;0,007;;;;;;
1009,375;0,005;;;;;;
1010;0,009;;;;;;
1010,625;0,005;;;;;;
1011,25;0,011;;;;;;
1011,875;0,007;;;;;;
1012,5;0,001;;;;;;
1013,125;0;;;;;;
1013,75;0,003;;;;;;
1014,375;0,001;;;;;;
1015;0,002;;;;;;
1015,625;0,004;;;;;;
1016,25;0,011;;;;;;
1016,875;0,013;;;;;;
1017,5;0,005;;;;;;
1018,125;0,008;;;;;;
1018,75;0,011;;;;;;
1019,375;0,01;;;;;;
1020;0,007;;;;;;
1020,625;0,003;;;;;;
1021,25;0,005;;;;;;
1021,875;0,001;;;;;;
1022,5;0,003;;;;;;
1023,125;0,01;;;;;;
1023,75;0,011;;;;;;
1024,375;0,006;;;;;;
1025;0,002;;;;;;
1025,625;0,005;;;;;;
1026,25;0,009;;;;;;
1026,875;0,007;;;;;;
1027,5;0,006;;;;;;
1028,125;0,002;;;;;;
1028,75;0,005;;;;;;
1029,375;0,005;;;;;;
1030;0,005;;;;;;
1030,625;0,004;;;;;;
1031,25;0,001;;;;;;
1031,875;0,001;;;;;;
1032,5;0,003;;;;;;
1033,125;0,002;;;;;;
1033,75;0,003;;;;;;
1034,375;0,005;;;;;;
1035;0,005;;;;;;
1035,625;0;;;;;;
1036,25;0,003;;;;;;
1036,875;0,004;;;;;;
1037,5;0,005;;;;;;
1038,125;0,01;;;;;;
1038,75;0,009;;;;;;
1039,375;0,002;;;;;;
1040;0;;;;;;
1040,625;0,001;;;;;;
1041,25;0,002;;;;;;
1041,875;0,005;;;;;;
1042,5;0,005;;;;;;
1043,125;0,004;;;;;;
1043,75;0,006;;;;;;
1044,375;0,01;;;;;;
1045;0,009;;;;;;
1045,625;0,008;;;;;;
1046,25;0,004;;;;;;
1046,875;0,002;;;;;;
1047,5;0,002;;;;;;
1048,125;0,003;;;;;;
1048,75;0,003;;;;;;
1049,375;0,002;;;;;;
1050;0,001;;;;;;
1050,625;0,001;;;;;;
1051,25;0,017;;;;;;
1051,875;0,034;;;;;;
1052,5;0,017;;;;;;
1053,125;0,006;;;;;;
1053,75;0,003;;;;;;
1054,375;0,003;;;;;;
1055;0,005;;;;;;
1055,625;0,004;;;;;;
1056,25;0,004;;;;;;
1056,875;0,004;;;;;;
1057,5;0,004;;;;;;
1058,125;0,001;;;;;;
1058,75;0,002;;;;;;
1059,375;0,002;;;;;;
1060;0,003;;;;;;
1060,625;0,005;;;;;;
1061,25;0,006;;;;;;
1061,875;0,008;;;;;;
1062,5;0,009;;;;;;
1063,125;0,004;;;;;;
1063,75;0,003;;;;;;
1064,375;0,005;;;;;;
1065;0,005;;;;;;
1065,625;0,003;;;;;;
1066,25;0,003;;;;;;
1066,875;0,004;;;;;;
1067,5;0,002;;;;;;
1068,125;0,001;;;;;;
1068,75;0,002;;;;;;
1069,375;0,002;;;;;;
1070;0,002;;;;;;
1070,625;0,004;;;;;;
1071,25;0,003;;;;;;
1071,875;0,002;;;;;;
1072,5;0,003;;;;;;
1073,125;0,005;;;;;;
1073,75;0,003;;;;;;
1074,375;0,002;;;;;;
1075;0,003;;;;;;
1075,625;0,006;;;;;;
1076,25;0,005;;;;;;
1076,875;0,002;;;;;;
1077,5;0,003;;;;;;
1078,125;0,001;;;;;;
1078,75;0,006;;;;;;
1079,375;0,002;;;;;;
1080;0,003;;;;;;
1080,625;0,001;;;;;;
1081,25;0,003;;;;;;
1081,875;0,005;;;;;;
1082,5;0,004;;;;;;
1083,125;0,005;;;;;;
1083,75;0,006;;;;;;
1084,375;0,003;;;;;;
1085;0,003;;;;;;
1085,625;0,005;;;;;;
1086,25;0,007;;;;;;
1086,875;0,003;;;;;;
1087,5;0;;;;;;
1088,125;0,002;;;;;;
1088,75;0,003;;;;;;
1089,375;0,001;;;;;;
1090;0,002;;;;;;
1090,625;0,005;;;;;;
1091,25;0,004;;;;;;
1091,875;0,001;;;;;;
1092,5;0,003;;;;;;
1093,125;0,002;;;;;;
1093,75;0,004;;;;;;
1094,375;0,008;;;;;;
1095;0,004;;;;;;
1095,625;0,004;;;;;;
1096,25;0,004;;;;;;
1096,875;0,001;;;;;;
1097,5;0,003;;;;;;
1098,125;0,002;;;;;;
1098,75;0,005;;;;;;
1099,375;0,001;;;;;;
1100;0,007;;;;;;
1100,625;0,008;;;;;;
1101,25;0,004;;;;;;
1101,875;0,004;;;;;;
1102,5;0,005;;;;;;
1103,125;0,005;;;;;;
1103,75;0,006;;;;;;
1104,375;0,004;;;;;;
1105;0,007;;;;;;
1105,625;0,009;;;;;;
1106,25;0,004;;;;;;
1106,875;0,004;;;;;;
1107,5;0,002;;;;;;
1108,125;0,006;;;;;;
1108,75;0,006;;;;;;
1109,375;0,002;;;;;;
1110;0,002;;;;;;
1110,625;0,001;;;;;;
1111,25;0,001;;;;;;
1111,875;0,003;;;;;;
1112,5;0,002;;;;;;
1113,125;0,004;;;;;;
1113,75;0,005;;;;;;
1114,375;0,001;;;;;;
1115;0,004;;;;;;
1115,625;0,007;;;;;;
1116,25;0,004;;;;;;
1116,875;0,007;;;;;;
1117,5;0,013;;;;;;
1118,125;0,007;;;;;;
1118,75;0,002;;;;;;
1119,375;0,004;;;;;;
1120;0,007;;;;;;
1120,625;0,008;;;;;;
1121,25;0,006;;;;;;
1121,875;0,004;;;;;;
1122,5;0,006;;;;;;
1123,125;0,009;;;;;;
1123,75;0,006;;;;;;
1124,375;0,004;;;;;;
1125;0,002;;;;;;
1125,625;0,007;;;;;;
1126,25;0,005;;;;;;
1126,875;0,006;;;;;;
1127,5;0,006;;;;;;
1128,125;0,006;;;;;;
1128,75;0,003;;;;;;
1129,375;0,004;;;;;;
1130;0,003;;;;;;
1130,625;0,005;;;;;;
1131,25;0,005;;;;;;
1131,875;0,006;;;;;;
1132,5;0,005;;;;;;
1133,125;0,003;;;;;;
1133,75;0,007;;;;;;
1134,375;0,007;;;;;;
1135;0;;;;;;
1135,625;0,004;;;;;;
1136,25;0,004;;;;;;
1136,875;0;;;;;;
1137,5;0,006;;;;;;
1138,125;0,005;;;;;;
1138,75;0,001;;;;;;
1139,375;0,003;;;;;;
1140;0,005;;;;;;
1140,625;0,002;;;;;;
1141,25;0,004;;;;;;
1141,875;0,004;;;;;;
1142,5;0,001;;;;;;
1143,125;0,003;;;;;;
1143,75;0,001;;;;;;
1144,375;0,006;;;;;;
1145;0,005;;;;;;
1145,625;0,004;;;;;;
1146,25;0,004;;;;;;
1146,875;0,002;;;;;;
1147,5;0,005;;;;;;
1148,125;0,005;;;;;;
1148,75;0,003;;;;;;
1149,375;0,005;;;;;;
1150;0,006;;;;;;
1150,625;0,005;;;;;;
1151,25;0,009;;;;;;
1151,875;0,011;;;;;;
1152,5;0,009;;;;;;
1153,125;0,002;;;;;;
1153,75;0,009;;;;;;
1154,375;0,005;;;;;;
1155;0,005;;;;;;
1155,625;0,004;;;;;;
1156,25;0,006;;;;;;
1156,875;0,004;;;;;;
1157,5;0,003;;;;;;
1158,125;0,005;;;;;;
1158,75;0,003;;;;;;
1159,375;0,008;;;;;;
1160;0,008;;;;;;
1160,625;0,009;;;;;;
1161,25;0,006;;;;;;
1161,875;0,001;;;;;;
1162,5;0,004;;;;;;
1163,125;0,01;;;;;;
1163,75;0,009;;;;;;
1164,375;0,01;;;;;;
1165;0,011;;;;;;
1165,625;0,002;;;;;;
1166,25;0,001;;;;;;
1166,875;0,006;;;;;;
1167,5;0,008;;;;;;
1168,125;0,007;;;;;;
1168,75;0,006;;;;;;
1169,375;0,003;;;;;;
1170;0,002;;;;;;
1170,625;0,003;;;;;;
1171,25;0,001;;;;;;
1171,875;0,01;;;;;;
1172,5;0,01;;;;;;
1173,125;0,001;;;;;;
1173,75;0,001;;;;;;
1174,375;0,003;;;;;;
1175;0,008;;;;;;
1175,625;0,009;;;;;;
1176,25;0,009;;;;;;
1176,875;0,003;;;;;;
1177,5;0,004;;;;;;
1178,125;0,006;;;;;;
1178,75;0,006;;;;;;
1179,375;0,005;;;;;;
1180;0,006;;;;;;
1180,625;0,009;;;;;;
1181,25;0,004;;;;;;
1181,875;0,005;;;;;;
1182,5;0,006;;;;;;
1183,125;0,009;;;;;;
1183,75;0,006;;;;;;
1184,375;0,008;;;;;;
1185;0,003;;;;;;
1185,625;0,002;;;;;;
1186,25;0,001;;;;;;
1186,875;0,002;;;;;;
1187,5;0,002;;;;;;
1188,125;0,005;;;;;;
1188,75;0,003;;;;;;
1189,375;0,003;;;;;;
1190;0,007;;;;;;
1190,625;0,005;;;;;;
1191,25;0,003;;;;;;
1191,875;0,003;;;;;;
1192,5;0,004;;;;;;
1193,125;0,007;;;;;;
1193,75;0,01;;;;;;
1194,375;0,006;;;;;;
1195;0,002;;;;;;
1195,625;0,001;;;;;;
1196,25;0,005;;;;;;
1196,875;0,006;;;;;;
1197,5;0,003;;;;;;
1198,125;0,002;;;;;;
1198,75;0,003;;;;;;
1199,375;0,001;;;;;;
1200;0,009;;;;;;
1200,625;0,008;;;;;;
1201,25;0,001;;;;;;
1201,875;0,008;;;;;;
1202,5;0,006;;;;;;
1203,125;0,005;;;;;;
1203,75;0,003;;;;;;
1204,375;0,004;;;;;;
1205;0,004;;;;;;
1205,625;0,007;;;;;;
1206,25;0,006;;;;;;
1206,875;0,003;;;;;;
1207,5;0,005;;;;;;
1208,125;0,005;;;;;;
1208,75;0,003;;;;;;
1209,375;0,015;;;;;;
1210;0,02;;;;;;
1210,625;0,009;;;;;;
1211,25;0,001;;;;;;
1211,875;0,005;;;;;;
1212,5;0,008;;;;;;
1213,125;0,008;;;;;;
1213,75;0,006;;;;;;
1214,375;0,009;;;;;;
1215;0,005;;;;;;
1215,625;0,009;;;;;;
1216,25;0,003;;;;;;
1216,875;0,005;;;;;;
1217,5;0,011;;;;;;
1218,125;0,009;;;;;;
1218,75;0,002;;;;;;
1219,375;0,007;;;;;;
1220;0,008;;;;;;
1220,625;0,005;;;;;;
1221,25;0,003;;;;;;
1221,875;0,008;;;;;;
1222,5;0,008;;;;;;
1223,125;0,004;;;;;;
1223,75;0,007;;;;;;
1224,375;0,002;;;;;;
1225;0,009;;;;;;
1225,625;0,014;;;;;;
1226,25;0,01;;;;;;
1226,875;0,003;;;;;;
1227,5;0,003;;;;;;
1228,125;0,006;;;;;;
1228,75;0,004;;;;;;
1229,375;0,004;;;;;;
1230;0,01;;;;;;
1230,625;0,011;;;;;;
1231,25;0,008;;;;;;
1231,875;0,004;;;;;;
1232,5;0,002;;;;;;
1233,125;0,005;;;;;;
1233,75;0,003;;;;;;
1234,375;0,001;;;;;;
1235;0,008;;;;;;
1235,625;0,007;;;;;;
1236,25;0,003;;;;;;
1236,875;0,005;;;;;;
1237,5;0,004;;;;;;
1238,125;0,006;;;;;;
1238,75;0,005;;;;;;
1239,375;0,012;;;;;;
1240;0,005;;;;;;
1240,625;0,007;;;;;;
1241,25;0,011;;;;;;
1241,875;0,006;;;;;;
1242,5;0,006;;;;;;
1243,125;0,009;;;;;;
1243,75;0,001;;;;;;
1244,375;0,008;;;;;;
1245;0,007;;;;;;
1245,625;0,006;;;;;;
1246,25;0,005;;;;;;
1246,875;0,009;;;;;;
1247,5;0,014;;;;;;
1248,125;0,007;;;;;;
1248,75;0,005;;;;;;
1249,375;0,01;;;;;;
1250;0,004;;;;;;
1250,625;0,009;;;;;;
1251,25;0,01;;;;;;
1251,875;0,014;;;;;;
1252,5;0,018;;;;;;
1253,125;0,012;;;;;;
1253,75;0,005;;;;;;
1254,375;0,009;;;;;;
1255;0,01;;;;;;
1255,625;0,008;;;;;;
1256,25;0,005;;;;;;
1256,875;0,001;;;;;;
1257,5;0,007;;;;;;
1258,125;0,008;;;;;;
1258,75;0,018;;;;;;
1259,375;0,018;;;;;;
1260;0,015;;;;;;
1260,625;0,011;;;;;;
1261,25;0,009;;;;;;
1261,875;0,007;;;;;;
1262,5;0,004;;;;;;
1263,125;0,006;;;;;;
1263,75;0,003;;;;;;
1264,375;0,003;;;;;;
1265;0,008;;;;;;
1265,625;0,006;;;;;;
1266,25;0,003;;;;;;
1266,875;0,003;;;;;;
1267,5;0,01;;;;;;
1268,125;0,014;;;;;;
1268,75;0,003;;;;;;
1269,375;0,008;;;;;;
1270;0,009;;;;;;
1270,625;0,01;;;;;;
1271,25;0,008;;;;;;
1271,875;0,002;;;;;;
1272,5;0,003;;;;;;
1273,125;0,004;;;;;;
1273,75;0,003;;;;;;
1274,375;0,007;;;;;;
1275;0,004;;;;;;
1275,625;0,008;;;;;;
1276,25;0,011;;;;;;
1276,875;0,019;;;;;;
1277,5;0,02;;;;;;
1278,125;0,016;;;;;;
1278,75;0,013;;;;;;
1279,375;0,007;;;;;;
1280;0,003;;;;;;
1280,625;0,005;;;;;;
1281,25;0,012;;;;;;
1281,875;0,017;;;;;;
1282,5;0,016;;;;;;
1283,125;0,011;;;;;;
1283,75;0,003;;;;;;
1284,375;0,003;;;;;;
1285;0,025;;;;;;
1285,625;0,018;;;;;;
1286,25;0,003;;;;;;
1286,875;0,005;;;;;;
1287,5;0,006;;;;;;
1288,125;0,011;;;;;;
1288,75;0,009;;;;;;
1289,375;0,005;;;;;;
1290;0,009;;;;;;
1290,625;0,015;;;;;;
1291,25;0,014;;;;;;
1291,875;0,009;;;;;;
1292,5;0,006;;;;;;
1293,125;0,006;;;;;;
1293,75;0,014;;;;;;
1294,375;0,007;;;;;;
1295;0,002;;;;;;
1295,625;0,003;;;;;;
1296,25;0,004;;;;;;
1296,875;0,006;;;;;;
1297,5;0,014;;;;;;
1298,125;0,02;;;;;;
1298,75;0,011;;;;;;
1299,375;0,005;;;;;;
1300;0,008;;;;;;
1300,625;0,005;;;;;;
1301,25;0,005;;;;;;
1301,875;0,008;;;;;;
1302,5;0,018;;;;;;
1303,125;0,022;;;;;;
1303,75;0,017;;;;;;
1304,375;0,014;;;;;;
1305;0,012;;;;;;
1305,625;0,02;;;;;;
1306,25;0,02;;;;;;
1306,875;0,006;;;;;;
1307,5;0,015;;;;;;
1308,125;0,01;;;;;;
1308,75;0,007;;;;;;
1309,375;0,01;;;;;;
1310;0,006;;;;;;
1310,625;0,014;;;;;;
1311,25;0,014;;;;;;
1311,875;0,02;;;;;;
1312,5;0,022;;;;;;
1313,125;0,004;;;;;;
1313,75;0,019;;;;;;
1314,375;0,014;;;;;;
1315;0,009;;;;;;
1315,625;0,011;;;;;;
1316,25;0,005;;;;;;
1316,875;0,009;;;;;;
1317,5;0,008;;;;;;
1318,125;0,01;;;;;;
1318,75;0,019;;;;;;
1319,375;0,005;;;;;;
1320;0,005;;;;;;
1320,625;0,009;;;;;;
1321,25;0,007;;;;;;
1321,875;0,008;;;;;;
1322,5;0,011;;;;;;
1323,125;0,009;;;;;;
1323,75;0,011;;;;;;
1324,375;0,006;;;;;;
1325;0,005;;;;;;
1325,625;0,006;;;;;;
1326,25;0,009;;;;;;
1326,875;0,009;;;;;;
1327,5;0,006;;;;;;
1328,125;0,004;;;;;;
1328,75;0,009;;;;;;
1329,375;0,009;;;;;;
1330;0,008;;;;;;
1330,625;0,013;;;;;;
1331,25;0,006;;;;;;
1331,875;0,011;;;;;;
1332,5;0,017;;;;;;
1333,125;0,015;;;;;;
1333,75;0,001;;;;;;
1334,375;0,011;;;;;;
1335;0,011;;;;;;
1335,625;0,008;;;;;;
1336,25;0,005;;;;;;
1336,875;0,004;;;;;;
1337,5;0,007;;;;;;
1338,125;0,006;;;;;;
1338,75;0,008;;;;;;
1339,375;0,004;;;;;;
1340;0,009;;;;;;
1340,625;0,008;;;;;;
1341,25;0,005;;;;;;
1341,875;0,01;;;;;;
1342,5;0,018;;;;;;
1343,125;0,013;;;;;;
1343,75;0,01;;;;;;
1344,375;0,016;;;;;;
1345;0,012;;;;;;
1345,625;0,011;;;;;;
1346,25;0,023;;;;;;
1346,875;0,018;;;;;;
1347,5;0,009;;;;;;
1348,125;0,01;;;;;;
1348,75;0,008;;;;;;
1349,375;0,006;;;;;;
1350;0,007;;;;;;
1350,625;0,01;;;;;;
1351,25;0,006;;;;;;
1351,875;0,034;;;;;;
1352,5;0,042;;;;;;
1353,125;0,014;;;;;;
1353,75;0,007;;;;;;
1354,375;0,015;;;;;;
1355;0,018;;;;;;
1355,625;0,013;;;;;;
1356,25;0,009;;;;;;
1356,875;0,009;;;;;;
1357,5;0,009;;;;;;
1358,125;0,014;;;;;;
1358,75;0,009;;;;;;
1359,375;0,007;;;;;;
1360;0,021;;;;;;
1360,625;0,011;;;;;;
1361,25;0,003;;;;;;
1361,875;0,004;;;;;;
1362,5;0,008;;;;;;
1363,125;0,007;;;;;;
1363,75;0,007;;;;;;
1364,375;0,005;;;;;;
1365;0,007;;;;;;
1365,625;0,01;;;;;;
1366,25;0,005;;;;;;
1366,875;0,005;;;;;;
1367,5;0,012;;;;;;
1368,125;0,011;;;;;;
1368,75;0,007;;;;;;
1369,375;0,011;;;;;;
1370;0,003;;;;;;
1370,625;0,011;;;;;;
1371,25;0,013;;;;;;
1371,875;0,014;;;;;;
1372,5;0,009;;;;;;
1373,125;0,007;;;;;;
1373,75;0,012;;;;;;
1374,375;0,014;;;;;;
1375;0,005;;;;;;
1375,625;0,011;;;;;;
1376,25;0,016;;;;;;
1376,875;0,006;;;;;;
1377,5;0,001;;;;;;
1378,125;0,006;;;;;;
1378,75;0,009;;;;;;
1379,375;0,01;;;;;;
1380;0,008;;;;;;
1380,625;0,004;;;;;;
1381,25;0,007;;;;;;
1381,875;0,007;;;;;;
1382,5;0,007;;;;;;
1383,125;0,017;;;;;;
1383,75;0,017;;;;;;
1384,375;0,004;;;;;;
1385;0,004;;;;;;
1385,625;0,018;;;;;;
1386,25;0,019;;;;;;
1386,875;0,008;;;;;;
1387,5;0,014;;;;;;
1388,125;0,004;;;;;;
1388,75;0,01;;;;;;
1389,375;0,014;;;;;;
1390;0,013;;;;;;
1390,625;0,005;;;;;;
1391,25;0,009;;;;;;
1391,875;0,015;;;;;;
1392,5;0,011;;;;;;
1393,125;0,011;;;;;;
1393,75;0,011;;;;;;
1394,375;0,011;;;;;;
1395;0,014;;;;;;
1395,625;0,012;;;;;;
1396,25;0,003;;;;;;
1396,875;0,007;;;;;;
1397,5;0,007;;;;;;
1398,125;0,007;;;;;;
1398,75;0,012;;;;;;
1399,375;0,014;;;;;;
1400;0,006;;;;;;
1400,625;0,016;;;;;;
1401,25;0,012;;;;;;
1401,875;0,006;;;;;;
1402,5;0,01;;;;;;
1403,125;0,002;;;;;;
1403,75;0,005;;;;;;
1404,375;0,01;;;;;;
1405;0,011;;;;;;
1405,625;0,001;;;;;;
1406,25;0,005;;;;;;
1406,875;0,014;;;;;;
1407,5;0,017;;;;;;
1408,125;0,004;;;;;;
1408,75;0,006;;;;;;
1409,375;0,014;;;;;;
1410;0,015;;;;;;
1410,625;0,017;;;;;;
1411,25;0,006;;;;;;
1411,875;0,005;;;;;;
1412,5;0,008;;;;;;
1413,125;0,011;;;;;;
1413,75;0,015;;;;;;
1414,375;0,012;;;;;;
1415;0,007;;;;;;
1415,625;0,007;;;;;;
1416,25;0,003;;;;;;
1416,875;0,004;;;;;;
1417,5;0,008;;;;;;
1418,125;0,009;;;;;;
1418,75;0,008;;;;;;
1419,375;0,002;;;;;;
1420;0,007;;;;;;
1420,625;0,004;;;;;;
1421,25;0,005;;;;;;
1421,875;0,005;;;;;;
1422,5;0,007;;;;;;
1423,125;0,004;;;;;;
1423,75;0,002;;;;;;
1424,375;0,004;;;;;;
1425;0,003;;;;;;
1425,625;0,004;;;;;;
1426,25;0,006;;;;;;
1426,875;0,018;;;;;;
1427,5;0,035;;;;;;
1428,125;0,019;;;;;;
1428,75;0,011;;;;;;
1429,375;0,007;;;;;;
1430;0,007;;;;;;
1430,625;0,01;;;;;;
1431,25;0,013;;;;;;
1431,875;0,008;;;;;;
1432,5;0,002;;;;;;
1433,125;0,005;;;;;;
1433,75;0,007;;;;;;
1434,375;0,003;;;;;;
1435;0,019;;;;;;
1435,625;0,024;;;;;;
1436,25;0,008;;;;;;
1436,875;0,005;;;;;;
1437,5;0,003;;;;;;
1438,125;0,005;;;;;;
1438,75;0,009;;;;;;
1439,375;0,007;;;;;;
1440;0,008;;;;;;
1440,625;0,007;;;;;;
1441,25;0,01;;;;;;
1441,875;0,005;;;;;;
1442,5;0,005;;;;;;
1443,125;0,013;;;;;;
1443,75;0,007;;;;;;
1444,375;0,009;;;;;;
1445;0,014;;;;;;
1445,625;0,009;;;;;;
1446,25;0,006;;;;;;
1446,875;0,006;;;;;;
1447,5;0,006;;;;;;
1448,125;0,002;;;;;;
1448,75;0,004;;;;;;
1449,375;0,005;;;;;;
1450;0,003;;;;;;
1450,625;0,004;;;;;;
1451,25;0,004;;;;;;
1451,875;0,006;;;;;;
1452,5;0,003;;;;;;
1453,125;0,006;;;;;;
1453,75;0,011;;;;;;
1454,375;0,009;;;;;;
1455;0,008;;;;;;
1455,625;0,012;;;;;;
1456,25;0,007;;;;;;
1456,875;0,003;;;;;;
1457,5;0,005;;;;;;
1458,125;0,01;;;;;;
1458,75;0,012;;;;;;
1459,375;0,003;;;;;;
1460;0,008;;;;;;
1460,625;0,013;;;;;;
1461,25;0,013;;;;;;
1461,875;0,011;;;;;;
1462,5;0,017;;;;;;
1463,125;0,005;;;;;;
1463,75;0,01;;;;;;
1464,375;0,004;;;;;;
1465;0,008;;;;;;
1465,625;0,006;;;;;;
1466,25;0,006;;;;;;
1466,875;0,01;;;;;;
1467,5;0,01;;;;;;
1468,125;0,009;;;;;;
1468,75;0,008;;;;;;
1469,375;0,006;;;;;;
1470;0,005;;;;;;
1470,625;0,007;;;;;;
1471,25;0,002;;;;;;
1471,875;0,01;;;;;;
1472,5;0,009;;;;;;
1473,125;0,01;;;;;;
1473,75;0,008;;;;;;
1474,375;0,01;;;;;;
1475;0,006;;;;;;
1475,625;0,01;;;;;;
1476,25;0,01;;;;;;
1476,875;0,006;;;;;;
1477,5;0,003;;;;;;
1478,125;0,01;;;;;;
1478,75;0,012;;;;;;
1479,375;0,005;;;;;;
1480;0,002;;;;;;
1480,625;0,005;;;;;;
1481,25;0,013;;;;;;
1481,875;0,007;;;;;;
1482,5;0,008;;;;;;
1483,125;0,01;;;;;;
1483,75;0,006;;;;;;
1484,375;0,005;;;;;;
1485;0,005;;;;;;
1485,625;0,004;;;;;;
1486,25;0,005;;;;;;
1486,875;0,003;;;;;;
1487,5;0,004;;;;;;
1488,125;0,01;;;;;;
1488,75;0,014;;;;;;
1489,375;0,01;;;;;;
1490;0,002;;;;;;
1490,625;0,003;;;;;;
1491,25;0,006;;;;;;
1491,875;0,002;;;;;;
1492,5;0,008;;;;;;
1493,125;0,01;;;;;;
1493,75;0,008;;;;;;
1494,375;0,007;;;;;;
1495;0,004;;;;;;
1495,625;0,003;;;;;;
1496,25;0,006;;;;;;
1496,875;0,003;;;;;;
1497,5;0,005;;;;;;
1498,125;0,004;;;;;;
1498,75;0,001;;;;;;
1499,375;0,006;;;;;;
1500;0,004;;;;;;
1500,625;0,003;;;;;;
1501,25;0,006;;;;;;
1501,875;0,007;;;;;;
1502,5;0,017;;;;;;
1503,125;0,01;;;;;;
1503,75;0,007;;;;;;
1504,375;0,003;;;;;;
1505;0,005;;;;;;
1505,625;0,004;;;;;;
1506,25;0,006;;;;;;
1506,875;0,01;;;;;;
1507,5;0,007;;;;;;
1508,125;0,003;;;;;;
1508,75;0,004;;;;;;
1509,375;0,004;;;;;;
1510;0,008;;;;;;
1510,625;0,011;;;;;;
1511,25;0,003;;;;;;
1511,875;0,004;;;;;;
1512,5;0,009;;;;;;
1513,125;0,01;;;;;;
1513,75;0,008;;;;;;
1514,375;0,003;;;;;;
1515;0,003;;;;;;
1515,625;0,001;;;;;;
1516,25;0,004;;;;;;
1516,875;0,002;;;;;;
1517,5;0,004;;;;;;
1518,125;0,005;;;;;;
1518,75;0,005;;;;;;
1519,375;0,009;;;;;;
1520;0,009;;;;;;
1520,625;0,004;;;;;;
1521,25;0,007;;;;;;
1521,875;0,006;;;;;;
1522,5;0,006;;;;;;
1523,125;0,008;;;;;;
1523,75;0,006;;;;;;
1524,375;0,005;;;;;;
1525;0,005;;;;;;
1525,625;0,003;;;;;;
1526,25;0,003;;;;;;
1526,875;0,003;;;;;;
1527,5;0,003;;;;;;
1528,125;0,006;;;;;;
1528,75;0,006;;;;;;
1529,375;0,006;;;;;;
1530;0,005;;;;;;
1530,625;0,007;;;;;;
1531,25;0,003;;;;;;
1531,875;0;;;;;;
1532,5;0,006;;;;;;
1533,125;0,007;;;;;;
1533,75;0,009;;;;;;
1534,375;0,004;;;;;;
1535;0,005;;;;;;
1535,625;0,005;;;;;;
1536,25;0,005;;;;;;
1536,875;0,002;;;;;;
1537,5;0,004;;;;;;
1538,125;0,004;;;;;;
1538,75;0,004;;;;;;
1539,375;0,005;;;;;;
1540;0,002;;;;;;
1540,625;0,009;;;;;;
1541,25;0,008;;;;;;
1541,875;0,004;;;;;;
1542,5;0,003;;;;;;
1543,125;0,001;;;;;;
1543,75;0,002;;;;;;
1544,375;0,002;;;;;;
1545;0,004;;;;;;
1545,625;0,005;;;;;;
1546,25;0,005;;;;;;
1546,875;0,004;;;;;;
1547,5;0,007;;;;;;
1548,125;0,007;;;;;;
1548,75;0,001;;;;;;
1549,375;0,006;;;;;;
1550;0,003;;;;;;
1550,625;0,005;;;;;;
1551,25;0,001;;;;;;
1551,875;0,003;;;;;;
1552,5;0,004;;;;;;
1553,125;0,008;;;;;;
1553,75;0,006;;;;;;
1554,375;0,006;;;;;;
1555;0,008;;;;;;
1555,625;0,002;;;;;;
1556,25;0,004;;;;;;
1556,875;0,001;;;;;;
1557,5;0,002;;;;;;
1558,125;0,002;;;;;;
1558,75;0,006;;;;;;
1559,375;0,002;;;;;;
1560;0,003;;;;;;
1560,625;0,005;;;;;;
1561,25;0,005;;;;;;
1561,875;0,003;;;;;;
1562,5;0,004;;;;;;
1563,125;0,001;;;;;;
1563,75;0,006;;;;;;
1564,375;0,006;;;;;;
1565;0,004;;;;;;
1565,625;0,005;;;;;;
1566,25;0,005;;;;;;
1566,875;0,002;;;;;;
1567,5;0,004;;;;;;
1568,125;0,007;;;;;;
1568,75;0,008;;;;;;
1569,375;0,01;;;;;;
1570;0,008;;;;;;
1570,625;0,003;;;;;;
1571,25;0,004;;;;;;
1571,875;0,009;;;;;;
1572,5;0,007;;;;;;
1573,125;0,003;;;;;;
1573,75;0,001;;;;;;
1574,375;0,002;;;;;;
1575;0,004;;;;;;
1575,625;0,002;;;;;;
1576,25;0,003;;;;;;
1576,875;0,006;;;;;;
1577,5;0,005;;;;;;
1578,125;0,005;;;;;;
1578,75;0,001;;;;;;
1579,375;0,003;;;;;;
1580;0,005;;;;;;
1580,625;0,004;;;;;;
1581,25;0,002;;;;;;
1581,875;0,008;;;;;;
1582,5;0,009;;;;;;
1583,125;0,007;;;;;;
1583,75;0,008;;;;;;
1584,375;0,004;;;;;;
1585;0,007;;;;;;
1585,625;0,014;;;;;;
1586,25;0,005;;;;;;
1586,875;0,006;;;;;;
1587,5;0,007;;;;;;
1588,125;0,005;;;;;;
1588,75;0,003;;;;;;
1589,375;0,002;;;;;;
1590;0,003;;;;;;
1590,625;0,005;;;;;;
1591,25;0,006;;;;;;
1591,875;0,002;;;;;;
1592,5;0,002;;;;;;
1593,125;0,006;;;;;;
1593,75;0,009;;;;;;
1594,375;0,009;;;;;;
1595;0,009;;;;;;
1595,625;0,007;;;;;;
1596,25;0,004;;;;;;
1596,875;0,002;;;;;;
1597,5;0,005;;;;;;
1598,125;0,008;;;;;;
1598,75;0,005;;;;;;
1599,375;0,002;;;;;;
1600;0,004;;;;;;
1600,625;0,004;;;;;;
1601,25;0,002;;;;;;
1601,875;0,003;;;;;;
1602,5;0,003;;;;;;
1603,125;0,008;;;;;;
1603,75;0,006;;;;;;
1604,375;0,002;;;;;;
1605;0,005;;;;;;
1605,625;0,01;;;;;;
1606,25;0,008;;;;;;
1606,875;0,005;;;;;;
1607,5;0,011;;;;;;
1608,125;0,013;;;;;;
1608,75;0,012;;;;;;
1609,375;0,004;;;;;;
1610;0,009;;;;;;
1610,625;0,009;;;;;;
1611,25;0,004;;;;;;
1611,875;0,005;;;;;;
1612,5;0,005;;;;;;
1613,125;0,007;;;;;;
1613,75;0,004;;;;;;
1614,375;0,006;;;;;;
1615;0,002;;;;;;
1615,625;0,006;;;;;;
1616,25;0,007;;;;;;
1616,875;0,006;;;;;;
1617,5;0,007;;;;;;
1618,125;0,007;;;;;;
1618,75;0,01;;;;;;
1619,375;0,008;;;;;;
1620;0,004;;;;;;
1620,625;0,009;;;;;;
1621,25;0,007;;;;;;
1621,875;0,003;;;;;;
1622,5;0,01;;;;;;
1623,125;0,012;;;;;;
1623,75;0,006;;;;;;
1624,375;0,005;;;;;;
1625;0,004;;;;;;
1625,625;0,006;;;;;;
1626,25;0,007;;;;;;
1626,875;0,005;;;;;;
1627,5;0,007;;;;;;
1628,125;0,01;;;;;;
1628,75;0,007;;;;;;
1629,375;0,005;;;;;;
1630;0,009;;;;;;
1630,625;0,005;;;;;;
1631,25;0,012;;;;;;
1631,875;0,002;;;;;;
1632,5;0,011;;;;;;
1633,125;0,01;;;;;;
1633,75;0,005;;;;;;
1634,375;0,004;;;;;;
1635;0,002;;;;;;
1635,625;0,007;;;;;;
1636,25;0,009;;;;;;
1636,875;0,005;;;;;;
1637,5;0,001;;;;;;
1638,125;0,005;;;;;;
1638,75;0,006;;;;;;
1639,375;0,006;;;;;;
1640;0,006;;;;;;
1640,625;0,004;;;;;;
1641,25;0,004;;;;;;
1641,875;0,004;;;;;;
1642,5;0,007;;;;;;
1643,125;0,011;;;;;;
1643,75;0,007;;;;;;
1644,375;0,008;;;;;;
1645;0,015;;;;;;
1645,625;0,011;;;;;;
1646,25;0,009;;;;;;
1646,875;0,013;;;;;;
1647,5;0,009;;;;;;
1648,125;0,003;;;;;;
1648,75;0,005;;;;;;
1649,375;0,007;;;;;;
1650;0,005;;;;;;
1650,625;0,004;;;;;;
1651,25;0,001;;;;;;
1651,875;0,007;;;;;;
1652,5;0,017;;;;;;
1653,125;0,017;;;;;;
1653,75;0,005;;;;;;
1654,375;0,005;;;;;;
1655;0,009;;;;;;
1655,625;0,007;;;;;;
1656,25;0,006;;;;;;
1656,875;0,003;;;;;;
1657,5;0,006;;;;;;
1658,125;0,006;;;;;;
1658,75;0,011;;;;;;
1659,375;0,007;;;;;;
1660;0,005;;;;;;
1660,625;0,007;;;;;;
1661,25;0;;;;;;
1661,875;0,004;;;;;;
1662,5;0,007;;;;;;
1663,125;0,008;;;;;;
1663,75;0,006;;;;;;
1664,375;0,005;;;;;;
1665;0,002;;;;;;
1665,625;0,008;;;;;;
1666,25;0,012;;;;;;
1666,875;0,008;;;;;;
1667,5;0,005;;;;;;
1668,125;0,002;;;;;;
1668,75;0,009;;;;;;
1669,375;0,011;;;;;;
1670;0,014;;;;;;
1670,625;0,009;;;;;;
1671,25;0;;;;;;
1671,875;0,003;;;;;;
1672,5;0,004;;;;;;
1673,125;0,009;;;;;;
1673,75;0,006;;;;;;
1674,375;0,01;;;;;;
1675;0,006;;;;;;
1675,625;0,007;;;;;;
1676,25;0,004;;;;;;
1676,875;0,006;;;;;;
1677,5;0,003;;;;;;
1678,125;0,003;;;;;;
1678,75;0,008;;;;;;
1679,375;0,008;;;;;;
1680;0,006;;;;;;
1680,625;0,015;;;;;;
1681,25;0,014;;;;;;
1681,875;0,005;;;;;;
1682,5;0,005;;;;;;
1683,125;0,012;;;;;;
1683,75;0,015;;;;;;
1684,375;0,006;;;;;;
1685;0,01;;;;;;
1685,625;0,01;;;;;;
1686,25;0,008;;;;;;
1686,875;0,01;;;;;;
1687,5;0,007;;;;;;
1688,125;0,012;;;;;;
1688,75;0,002;;;;;;
1689,375;0,01;;;;;;
1690;0,012;;;;;;
1690,625;0,004;;;;;;
1691,25;0,005;;;;;;
1691,875;0,007;;;;;;
1692,5;0,005;;;;;;
1693,125;0,007;;;;;;
1693,75;0,016;;;;;;
1694,375;0,019;;;;;;
1695;0,007;;;;;;
1695,625;0,014;;;;;;
1696,25;0,011;;;;;;
1696,875;0,004;;;;;;
1697,5;0,009;;;;;;
1698,125;0,012;;;;;;
1698,75;0,008;;;;;;
1699,375;0,008;;;;;;
1700;0,005;;;;;;
1700,625;0,006;;;;;;
1701,25;0,014;;;;;;
1701,875;0,012;;;;;;
1702,5;0,008;;;;;;
1703,125;0,014;;;;;;
1703,75;0,01;;;;;;
1704,375;0,002;;;;;;
1705;0,006;;;;;;
1705,625;0,001;;;;;;
1706,25;0,015;;;;;;
1706,875;0,009;;;;;;
1707,5;0,007;;;;;;
1708,125;0,009;;;;;;
1708,75;0,008;;;;;;
1709,375;0,003;;;;;;
1710;0,004;;;;;;
1710,625;0,005;;;;;;
1711,25;0,005;;;;;;
1711,875;0,003;;;;;;
1712,5;0,001;;;;;;
1713,125;0,006;;;;;;
1713,75;0,011;;;;;;
1714,375;0,009;;;;;;
1715;0,005;;;;;;
1715,625;0,004;;;;;;
1716,25;0,003;;;;;;
1716,875;0,004;;;;;;
1717,5;0,01;;;;;;
1718,125;0,018;;;;;;
1718,75;0,016;;;;;;
1719,375;0,011;;;;;;
1720;0,013;;;;;;
1720,625;0,011;;;;;;
1721,25;0,012;;;;;;
1721,875;0,013;;;;;;
1722,5;0,012;;;;;;
1723,125;0,008;;;;;;
1723,75;0,005;;;;;;
1724,375;0,008;;;;;;
1725;0,008;;;;;;
1725,625;0,003;;;;;;
1726,25;0,001;;;;;;
1726,875;0,007;;;;;;
1727,5;0,016;;;;;;
1728,125;0,015;;;;;;
1728,75;0,003;;;;;;
1729,375;0,003;;;;;;
1730;0,001;;;;;;
1730,625;0,004;;;;;;
1731,25;0,007;;;;;;
1731,875;0,01;;;;;;
1732,5;0,009;;;;;;
1733,125;0,01;;;;;;
1733,75;0,011;;;;;;
1734,375;0,007;;;;;;
1735;0,006;;;;;;
1735,625;0,003;;;;;;
1736,25;0,003;;;;;;
1736,875;0,004;;;;;;
1737,5;0,01;;;;;;
1738,125;0,008;;;;;;
1738,75;0,007;;;;;;
1739,375;0,006;;;;;;
1740;0,004;;;;;;
1740,625;0,002;;;;;;
1741,25;0,011;;;;;;
1741,875;0,008;;;;;;
1742,5;0,002;;;;;;
1743,125;0,001;;;;;;
1743,75;0,006;;;;;;
1744,375;0,012;;;;;;
1745;0,021;;;;;;
1745,625;0,017;;;;;;
1746,25;0,005;;;;;;
1746,875;0,005;;;;;;
1747,5;0,008;;;;;;
1748,125;0,009;;;;;;
1748,75;0,002;;;;;;
1749,375;0,006;;;;;;
1750;0,005;;;;;;
1750,625;0,005;;;;;;
1751,25;0,009;;;;;;
1751,875;0,004;;;;;;
1752,5;0,005;;;;;;
1753,125;0,008;;;;;;
1753,75;0,008;;;;;;
1754,375;0,006;;;;;;
1755;0,009;;;;;;
1755,625;0,006;;;;;;
1756,25;0,016;;;;;;
1756,875;0,012;;;;;;
1757,5;0,004;;;;;;
1758,125;0,009;;;;;;
1758,75;0,015;;;;;;
1759,375;0,009;;;;;;
1760;0,012;;;;;;
1760,625;0,016;;;;;;
1761,25;0,006;;;;;;
1761,875;0,004;;;;;;
1762,5;0,004;;;;;;
1763,125;0,002;;;;;;
1763,75;0,002;;;;;;
1764,375;0,004;;;;;;
1765;0,01;;;;;;
1765,625;0,003;;;;;;
1766,25;0,007;;;;;;
1766,875;0,006;;;;;;
1767,5;0,003;;;;;;
1768,125;0,002;;;;;;
1768,75;0,003;;;;;;
1769,375;0,011;;;;;;
1770;0,001;;;;;;
1770,625;0,011;;;;;;
1771,25;0,012;;;;;;
1771,875;0,002;;;;;;
1772,5;0,007;;;;;;
1773,125;0,013;;;;;;
1773,75;0,011;;;;;;
1774,375;0,006;;;;;;
1775;0,012;;;;;;
1775,625;0,006;;;;;;
1776,25;0,009;;;;;;
1776,875;0,008;;;;;;
1777,5;0,011;;;;;;
1778,125;0,02;;;;;;
1778,75;0,022;;;;;;
1779,375;0,014;;;;;;
1780;0,005;;;;;;
1780,625;0,008;;;;;;
1781,25;0,014;;;;;;
1781,875;0,015;;;;;;
1782,5;0,007;;;;;;
1783,125;0,017;;;;;;
1783,75;0,017;;;;;;
1784,375;0,014;;;;;;
1785;0,004;;;;;;
1785,625;0,002;;;;;;
1786,25;0,008;;;;;;
1786,875;0,005;;;;;;
1787,5;0,004;;;;;;
1788,125;0,005;;;;;;
1788,75;0,015;;;;;;
1789,375;0,015;;;;;;
1790;0,004;;;;;;
1790,625;0,007;;;;;;
1791,25;0,008;;;;;;
1791,875;0,005;;;;;;
1792,5;0,005;;;;;;
1793,125;0,014;;;;;;
1793,75;0,018;;;;;;
1794,375;0,018;;;;;;
1795;0,018;;;;;;
1795,625;0,013;;;;;;
1796,25;0,008;;;;;;
1796,875;0,006;;;;;;
1797,5;0,01;;;;;;
1798,125;0,006;;;;;;
1798,75;0,005;;;;;;
1799,375;0,003;;;;;;
1800;0,008;;;;;;
1800,625;0,006;;;;;;
1801,25;0,003;;;;;;
1801,875;0,003;;;;;;
1802,5;0,007;;;;;;
1803,125;0,003;;;;;;
1803,75;0,001;;;;;;
1804,375;0,002;;;;;;
1805;0,007;;;;;;
1805,625;0,008;;;;;;
1806,25;0,009;;;;;;
1806,875;0,017;;;;;;
1807,5;0,017;;;;;;
1808,125;0,012;;;;;;
1808,75;0,016;;;;;;
1809,375;0,014;;;;;;
1810;0,006;;;;;;
1810,625;0,014;;;;;;
1811,25;0,016;;;;;;
1811,875;0,005;;;;;;
1812,5;0,007;;;;;;
1813,125;0,011;;;;;;
1813,75;0,007;;;;;;
1814,375;0,002;;;;;;
1815;0,008;;;;;;
1815,625;0,01;;;;;;
1816,25;0,01;;;;;;
1816,875;0,012;;;;;;
1817,5;0,007;;;;;;
1818,125;0,005;;;;;;
1818,75;0,007;;;;;;
1819,375;0,006;;;;;;
1820;0,012;;;;;;
1820,625;0,015;;;;;;
1821,25;0,011;;;;;;
1821,875;0,005;;;;;;
1822,5;0,006;;;;;;
1823,125;0,004;;;;;;
1823,75;0,002;;;;;;
1824,375;0,005;;;;;;
1825;0,006;;;;;;
1825,625;0,007;;;;;;
1826,25;0,008;;;;;;
1826,875;0,003;;;;;;
1827,5;0,015;;;;;;
1828,125;0,012;;;;;;
1828,75;0,002;;;;;;
1829,375;0,011;;;;;;
1830;0,008;;;;;;
1830,625;0,001;;;;;;
1831,25;0,016;;;;;;
1831,875;0,018;;;;;;
1832,5;0,014;;;;;;
1833,125;0,015;;;;;;
1833,75;0,015;;;;;;
1834,375;0,01;;;;;;
1835;0,011;;;;;;
1835,625;0,016;;;;;;
1836,25;0,005;;;;;;
1836,875;0,009;;;;;;
1837,5;0,01;;;;;;
1838,125;0,002;;;;;;
1838,75;0,012;;;;;;
1839,375;0,002;;;;;;
1840;0,012;;;;;;
1840,625;0,003;;;;;;
1841,25;0,015;;;;;;
1841,875;0,014;;;;;;
1842,5;0,007;;;;;;
1843,125;0,005;;;;;;
1843,75;0,006;;;;;;
1844,375;0,011;;;;;;
1845;0,004;;;;;;
1845,625;0,016;;;;;;
1846,25;0,02;;;;;;
1846,875;0,011;;;;;;
1847,5;0,01;;;;;;
1848,125;0,021;;;;;;
1848,75;0,016;;;;;;
1849,375;0,003;;;;;;
1850;0,008;;;;;;
1850,625;0,008;;;;;;
1851,25;0,01;;;;;;
1851,875;0,002;;;;;;
1852,5;0,007;;;;;;
1853,125;0,012;;;;;;
1853,75;0,015;;;;;;
1854,375;0,002;;;;;;
1855;0,013;;;;;;
1855,625;0,011;;;;;;
1856,25;0,008;;;;;;
1856,875;0,012;;;;;;
1857,5;0,012;;;;;;
1858,125;0,013;;;;;;
1858,75;0,011;;;;;;
1859,375;0,013;;;;;;
1860;0,007;;;;;;
1860,625;0,006;;;;;;
1861,25;0,013;;;;;;
1861,875;0,015;;;;;;
1862,5;0,002;;;;;;
1863,125;0,017;;;;;;
1863,75;0,021;;;;;;
1864,375;0,009;;;;;;
1865;0,009;;;;;;
1865,625;0,003;;;;;;
1866,25;0,018;;;;;;
1866,875;0,022;;;;;;
1867,5;0,015;;;;;;
1868,125;0,015;;;;;;
1868,75;0,016;;;;;;
1869,375;0,006;;;;;;
1870;0,008;;;;;;
1870,625;0,015;;;;;;
1871,25;0,015;;;;;;
1871,875;0,016;;;;;;
1872,5;0,014;;;;;;
1873,125;0,009;;;;;;
1873,75;0,003;;;;;;
1874,375;0,011;;;;;;
1875;0,017;;;;;;
1875,625;0,01;;;;;;
1876,25;0,01;;;;;;
1876,875;0,012;;;;;;
1877,5;0,012;;;;;;
1878,125;0,008;;;;;;
1878,75;0,006;;;;;;
1879,375;0,006;;;;;;
1880;0,016;;;;;;
1880,625;0,024;;;;;;
1881,25;0,021;;;;;;
1881,875;0,014;;;;;;
1882,5;0,014;;;;;;
1883,125;0,011;;;;;;
1883,75;0,015;;;;;;
1884,375;0,014;;;;;;
1885;0,011;;;;;;
1885,625;0,012;;;;;;
1886,25;0,011;;;;;;
1886,875;0,004;;;;;;
1887,5;0,009;;;;;;
1888,125;0,014;;;;;;
1888,75;0,014;;;;;;
1889,375;0,008;;;;;;
1890;0,004;;;;;;
1890,625;0,01;;;;;;
1891,25;0,017;;;;;;
1891,875;0,015;;;;;;
1892,5;0,007;;;;;;
1893,125;0,011;;;;;;
1893,75;0,01;;;;;;
1894,375;0,01;;;;;;
1895;0,024;;;;;;
1895,625;0,023;;;;;;
1896,25;0,012;;;;;;
1896,875;0,003;;;;;;
1897,5;0,004;;;;;;
1898,125;0,015;;;;;;
1898,75;0,019;;;;;;
1899,375;0,011;;;;;;
1900;0,004;;;;;;
1900,625;0,007;;;;;;
1901,25;0,011;;;;;;
1901,875;0,003;;;;;;
1902,5;0,007;;;;;;
1903,125;0,003;;;;;;
1903,75;0,013;;;;;;
1904,375;0,01;;;;;;
1905;0,008;;;;;;
1905,625;0,011;;;;;;
1906,25;0,02;;;;;;
1906,875;0,02;;;;;;
1907,5;0,014;;;;;;
1908,125;0,009;;;;;;
1908,75;0,019;;;;;;
1909,375;0,016;;;;;;
1910;0,005;;;;;;
1910,625;0,021;;;;;;
1911,25;0,009;;;;;;
1911,875;0,006;;;;;;
1912,5;0,008;;;;;;
1913,125;0,01;;;;;;
1913,75;0,007;;;;;;
1914,375;0,013;;;;;;
1915;0,013;;;;;;
1915,625;0,004;;;;;;
1916,25;0,003;;;;;;
1916,875;0,007;;;;;;
1917,5;0,013;;;;;;
1918,125;0,007;;;;;;
1918,75;0,003;;;;;;
1919,375;0,014;;;;;;
1920;0,01;;;;;;
1920,625;0,014;;;;;;
1921,25;0,023;;;;;;
1921,875;0,015;;;;;;
1922,5;0,003;;;;;;
1923,125;0,005;;;;;;
1923,75;0,012;;;;;;
1924,375;0,01;;;;;;
1925;0,008;;;;;;
1925,625;0,003;;;;;;
1926,25;0,004;;;;;;
1926,875;0,009;;;;;;
1927,5;0,009;;;;;;
1928,125;0,009;;;;;;
1928,75;0,009;;;;;;
1929,375;0,008;;;;;;
1930;0,006;;;;;;
1930,625;0,005;;;;;;
1931,25;0,004;;;;;;
1931,875;0,009;;;;;;
1932,5;0,004;;;;;;
1933,125;0,014;;;;;;
1933,75;0,011;;;;;;
1934,375;0,006;;;;;;
1935;0,009;;;;;;
1935,625;0,01;;;;;;
1936,25;0,011;;;;;;
1936,875;0,011;;;;;;
1937,5;0,011;;;;;;
1938,125;0,01;;;;;;
1938,75;0,014;;;;;;
1939,375;0,02;;;;;;
1940;0,02;;;;;;
1940,625;0,005;;;;;;
1941,25;0,007;;;;;;
1941,875;0,004;;;;;;
1942,5;0,009;;;;;;
1943,125;0,014;;;;;;
1943,75;0,011;;;;;;
1944,375;0,01;;;;;;
1945;0,011;;;;;;
1945,625;0,015;;;;;;
1946,25;0,014;;;;;;
1946,875;0,011;;;;;;
1947,5;0,008;;;;;;
1948,125;0,006;;;;;;
1948,75;0,004;;;;;;
1949,375;0,007;;;;;;
1950;0,015;;;;;;
1950,625;0,014;;;;;;
1951,25;0,006;;;;;;
1951,875;0,004;;;;;;
1952,5;0,008;;;;;;
1953,125;0,005;;;;;;
1953,75;0,004;;;;;;
1954,375;0,003;;;;;;
1955;0,004;;;;;;
1955,625;0,011;;;;;;
1956,25;0,016;;;;;;
1956,875;0,015;;;;;;
1957,5;0,009;;;;;;
1958,125;0,002;;;;;;
1958,75;0,012;;;;;;
1959,375;0,014;;;;;;
1960;0,007;;;;;;
1960,625;0,004;;;;;;
1961,25;0,013;;;;;;
1961,875;0,005;;;;;;
1962,5;0,006;;;;;;
1963,125;0,011;;;;;;
1963,75;0,015;;;;;;
1964,375;0,012;;;;;;
1965;0,005;;;;;;
1965,625;0,006;;;;;;
1966,25;0,01;;;;;;
1966,875;0,007;;;;;;
1967,5;0,004;;;;;;
1968,125;0,005;;;;;;
1968,75;0,004;;;;;;
1969,375;0,006;;;;;;
1970;0,018;;;;;;
1970,625;0,02;;;;;;
1971,25;0,009;;;;;;
1971,875;0,003;;;;;;
1972,5;0,004;;;;;;
1973,125;0,006;;;;;;
1973,75;0,006;;;;;;
1974,375;0,003;;;;;;
1975;0,002;;;;;;
1975,625;0,006;;;;;;
1976,25;0,007;;;;;;
1976,875;0,004;;;;;;
1977,5;0,012;;;;;;
1978,125;0,008;;;;;;
1978,75;0,004;;;;;;
1979,375;0,011;;;;;;
1980;0,011;;;;;;
1980,625;0,014;;;;;;
1981,25;0,017;;;;;;
1981,875;0,02;;;;;;
1982,5;0,014;;;;;;
1983,125;0,008;;;;;;
1983,75;0,011;;;;;;
1984,375;0,013;;;;;;
1985;0,005;;;;;;
1985,625;0,01;;;;;;
1986,25;0,009;;;;;;
1986,875;0,009;;;;;;
1987,5;0,002;;;;;;
1988,125;0,011;;;;;;
1988,75;0,013;;;;;;
1989,375;0,004;;;;;;
1990;0,007;;;;;;
1990,625;0,006;;;;;;
1991,25;0,004;;;;;;
1991,875;0,011;;;;;;
1992,5;0,016;;;;;;
1993,125;0,007;;;;;;
1993,75;0,004;;;;;;
1994,375;0,011;;;;;;
1995;0,009;;;;;;
1995,625;0,01;;;;;;
1996,25;0,023;;;;;;
1996,875;0,02;;;;;;
1997,5;0,002;;;;;;
1998,125;0,011;;;;;;
1998,75;0,007;;;;;;
1999,375;0,006;;;;;;
2000;0,015;;;;;;